movimentacao_id,cliente_id,tipo_movimentacao,valor,data_movimentacao
1,1,transferência,4438.52,2025-02-05
2,2,saque,1377.17,2025-04-01
3,3,transferência,3480.42,2025-03-24
4,4,depósito,2666.28,2025-01-06
5,5,saque,1517.28,2025-02-09
6,6,transferência,1247.24,2025-04-09
7,7,depósito,2167.98,2025-01-24
8,8,transferência,4153.16,2025-01-03
9,9,saque,675.94,2025-04-21
10,10,saque,3110.30,2025-03-15
11,11,depósito,2637.91,2025-05-04
12,12,depósito,3297.61,2025-04-13
13,13,depósito,623.31,2025-01-02
14,14,depósito,4477.71,2025-02-22
15,15,saque,2368.53,2025-02-04
16,16,depósito,1740.04,2025-04-07
17,17,saque,2598.22,2025-04-14
18,18,saque,4747.48,2025-01-28
19,19,transferência,3570.91,2025-03-23
20,20,saque,2694.63,2025-04-20
21,21,saque,3326.66,2025-04-07
22,22,transferência,4821.05,2025-02-22
23,23,depósito,4452.45,2025-02-15
24,24,transferência,893.77,2025-02-23
25,25,depósito,581.90,2025-02-15
26,26,depósito,1357.64,2025-02-21
27,27,depósito,1736.41,2025-02-22
28,28,depósito,1348.26,2025-01-26
29,29,transferência,4182.79,2025-03-20
30,30,depósito,479.41,2025-02-11
31,31,depósito,2595.57,2025-04-01
32,32,depósito,60.65,2025-01-13
33,33,saque,2510.01,2025-02-02
34,34,depósito,100.00,2025-03-11
35,35,saque,3346.33,2025-01-16
36,36,transferência,3652.85,2025-02-14
37,37,depósito,2519.13,2025-02-10
38,38,depósito,2574.79,2025-01-12
39,39,transferência,3884.29,2025-05-04
40,40,transferência,2719.45,2025-03-28
41,41,depósito,283.51,2025-01-10
42,42,transferência,993.98,2025-04-07
43,43,saque,3635.84,2025-02-12
44,44,depósito,1398.48,2025-02-17
45,45,depósito,2435.94,2025-05-07
46,46,transferência,4733.64,2025-03-12
47,47,transferência,4076.72,2025-03-17
48,48,depósito,2813.03,2025-03-28
49,49,depósito,1722.59,2025-02-14
50,50,saque,2315.48,2025-05-04
51,51,depósito,255.64,2025-03-03
52,52,transferência,1301.27,2025-02-15
53,53,transferência,811.02,2025-03-16
54,54,saque,2011.65,2025-01-12
55,55,depósito,3664.13,2025-02-13
56,56,depósito,1196.45,2025-04-02
57,57,depósito,842.05,2025-04-24
58,58,depósito,3504.43,2025-03-22
59,59,transferência,1778.61,2025-03-21
60,60,depósito,3112.73,2025-04-29
61,61,transferência,4504.94,2025-04-23
62,62,transferência,2222.17,2025-01-15
63,63,saque,3452.77,2025-03-09
64,64,saque,4398.07,2025-05-04
65,65,saque,275.50,2025-01-28
66,66,saque,4568.33,2025-04-03
67,67,saque,3434.84,2025-03-07
68,68,depósito,1407.70,2025-01-29
69,69,depósito,57.78,2025-03-20
70,70,transferência,3044.18,2025-03-30
71,71,transferência,1290.97,2025-02-04
72,72,saque,3888.27,2025-04-30
73,73,transferência,3214.29,2025-01-06
74,74,depósito,4050.03,2025-02-11
75,75,saque,2026.76,2025-02-16
76,76,transferência,4746.72,2025-02-22
77,77,transferência,1035.32,2025-01-13
78,78,transferência,392.64,2025-03-29
79,79,depósito,2370.39,2025-03-19
80,80,depósito,2425.26,2025-04-11
81,81,transferência,2528.44,2025-04-20
82,82,saque,534.08,2025-04-03
83,83,depósito,4103.79,2025-04-13
84,84,depósito,4558.88,2025-01-02
85,85,depósito,2735.12,2025-03-15
86,86,depósito,109.07,2025-02-05
87,87,depósito,1875.03,2025-02-14
88,88,saque,4833.44,2025-02-06
89,89,transferência,1465.13,2025-03-25
90,90,transferência,3535.14,2025-01-22
91,91,depósito,1643.17,2025-04-21
92,92,saque,1578.40,2025-03-26
93,93,saque,1032.16,2025-01-07
94,94,transferência,3576.01,2025-01-07
95,95,saque,1069.53,2025-01-23
96,96,saque,999.68,2025-01-13
97,97,saque,722.31,2025-01-09
98,98,transferência,3225.85,2025-03-20
99,99,transferência,2170.71,2025-03-29
100,100,depósito,4699.63,2025-01-16
101,101,transferência,1802.67,2025-03-01
102,102,depósito,3287.87,2025-02-04
103,103,depósito,4495.88,2025-03-14
104,104,depósito,2024.01,2025-03-15
105,105,depósito,2491.23,2025-01-15
106,106,transferência,2293.07,2025-03-06
107,107,transferência,2294.60,2025-01-23
108,108,saque,1748.23,2025-04-12
109,109,transferência,2436.00,2025-05-06
110,110,depósito,2371.59,2025-04-29
111,111,depósito,3989.87,2025-01-28
112,112,saque,4760.81,2025-03-09
113,113,depósito,1362.26,2025-02-07
114,114,depósito,4136.03,2025-04-24
115,115,transferência,3191.98,2025-04-26
116,116,depósito,2375.33,2025-01-04
117,117,transferência,2889.45,2025-03-23
118,118,transferência,3870.99,2025-01-22
119,119,saque,3119.96,2025-04-23
120,120,transferência,4526.47,2025-01-27
121,121,saque,3657.79,2025-01-06
122,122,transferência,1317.87,2025-01-30
123,123,saque,972.18,2025-04-16
124,124,transferência,4300.13,2025-01-29
125,125,transferência,4561.24,2025-04-27
126,126,transferência,3345.01,2025-02-18
127,127,saque,2966.89,2025-03-29
128,128,saque,732.62,2025-03-19
129,129,saque,4212.79,2025-04-08
130,130,saque,2195.95,2025-01-27
131,131,saque,4502.44,2025-02-19
132,132,saque,4071.60,2025-01-07
133,133,transferência,2420.43,2025-02-27
134,134,saque,1739.18,2025-03-17
135,135,transferência,3466.44,2025-04-20
136,136,saque,3470.94,2025-01-07
137,137,transferência,3787.61,2025-03-03
138,138,saque,394.91,2025-05-02
139,139,saque,351.03,2025-01-12
140,140,transferência,2036.38,2025-01-11
141,141,saque,2739.18,2025-03-05
142,142,transferência,2302.62,2025-01-09
143,143,depósito,4145.38,2025-03-10
144,144,transferência,3288.11,2025-04-05
145,145,transferência,1073.42,2025-02-28
146,146,depósito,4468.21,2025-01-10
147,147,saque,1918.94,2025-03-29
148,148,depósito,4980.18,2025-01-06
149,149,transferência,1864.40,2025-02-05
150,150,saque,3936.75,2025-04-09
151,151,transferência,2579.49,2025-04-05
152,152,depósito,1045.27,2025-02-27
153,153,depósito,1355.77,2025-02-18
154,154,saque,3544.33,2025-04-21
155,155,transferência,4365.34,2025-05-03
156,156,transferência,2501.33,2025-03-11
157,157,transferência,2094.49,2025-01-01
158,158,saque,61.56,2025-02-21
159,159,depósito,1161.46,2025-05-02
160,160,saque,2028.66,2025-03-29
161,161,saque,3222.19,2025-04-12
162,162,depósito,2474.12,2025-02-04
163,163,depósito,2458.53,2025-01-09
164,164,saque,4625.99,2025-01-20
165,165,depósito,4259.78,2025-05-01
166,166,saque,2928.39,2025-03-08
167,167,saque,4335.33,2025-03-30
168,168,depósito,4281.65,2025-01-28
169,169,depósito,2829.00,2025-02-17
170,170,transferência,3022.42,2025-01-18
171,171,transferência,1809.91,2025-03-02
172,172,depósito,1137.22,2025-01-20
173,173,depósito,2762.79,2025-02-02
174,174,transferência,3955.69,2025-02-24
175,175,saque,2828.73,2025-04-14
176,176,depósito,787.93,2025-04-09
177,177,transferência,1176.11,2025-03-04
178,178,depósito,1500.29,2025-05-04
179,179,transferência,3090.10,2025-03-02
180,180,transferência,4787.52,2025-02-11
181,181,saque,1803.39,2025-01-11
182,182,depósito,1238.37,2025-04-16
183,183,transferência,146.48,2025-02-10
184,184,transferência,673.69,2025-01-09
185,185,saque,245.32,2025-03-08
186,186,saque,3397.25,2025-02-01
187,187,transferência,3755.74,2025-05-05
188,188,saque,3082.21,2025-03-15
189,189,saque,4909.59,2025-01-31
190,190,saque,597.01,2025-03-26
191,191,depósito,1358.90,2025-04-15
192,192,transferência,3640.22,2025-04-09
193,193,transferência,4549.21,2025-02-13
194,194,transferência,224.41,2025-05-07
195,195,depósito,4907.87,2025-03-06
196,196,depósito,1953.30,2025-01-18
197,197,transferência,2122.82,2025-01-13
198,198,depósito,3718.86,2025-02-22
199,199,transferência,3435.59,2025-02-24
200,200,depósito,1779.27,2025-03-28
201,201,depósito,2924.14,2025-03-14
202,202,saque,2273.19,2025-04-04
203,203,transferência,2729.25,2025-02-24
204,204,transferência,2882.61,2025-01-15
205,205,transferência,3388.86,2025-01-11
206,206,depósito,874.74,2025-04-30
207,207,depósito,3935.12,2025-02-13
208,208,transferência,1646.83,2025-04-21
209,209,saque,4458.15,2025-03-26
210,210,saque,1743.12,2025-04-29
211,211,depósito,3116.94,2025-01-10
212,212,saque,1680.52,2025-05-05
213,213,depósito,620.86,2025-01-11
214,214,saque,67.91,2025-03-21
215,215,transferência,4062.08,2025-03-10
216,216,depósito,1340.45,2025-04-11
217,217,depósito,4215.45,2025-03-04
218,218,saque,3056.18,2025-01-06
219,219,saque,4535.81,2025-04-18
220,220,transferência,87.27,2025-02-04
221,221,transferência,1669.07,2025-04-21
222,222,transferência,1106.10,2025-04-01
223,223,saque,1932.80,2025-03-22
224,224,depósito,1354.84,2025-01-21
225,225,transferência,2400.13,2025-01-29
226,226,saque,2401.56,2025-03-08
227,227,depósito,4385.43,2025-03-31
228,228,transferência,797.89,2025-04-26
229,229,transferência,1102.01,2025-04-13
230,230,transferência,4206.76,2025-03-07
231,231,saque,757.50,2025-01-09
232,232,saque,4272.82,2025-02-21
233,233,depósito,2387.01,2025-02-25
234,234,transferência,3917.92,2025-04-20
235,235,saque,1749.36,2025-02-10
236,236,saque,4645.64,2025-01-28
237,237,transferência,3311.60,2025-01-16
238,238,depósito,2715.76,2025-03-24
239,239,depósito,2805.98,2025-01-17
240,240,depósito,3130.23,2025-02-05
241,241,transferência,4283.08,2025-03-20
242,242,transferência,4768.42,2025-04-26
243,243,depósito,534.16,2025-02-25
244,244,depósito,470.69,2025-01-24
245,245,depósito,2195.55,2025-04-07
246,246,transferência,341.35,2025-01-06
247,247,depósito,3254.40,2025-04-18
248,248,saque,463.86,2025-03-15
249,249,transferência,4379.81,2025-02-01
250,250,saque,2331.94,2025-03-21
251,251,saque,75.03,2025-03-25
252,252,depósito,3396.52,2025-04-23
253,253,depósito,3856.51,2025-03-02
254,254,depósito,1843.78,2025-01-17
255,255,transferência,404.88,2025-02-10
256,256,transferência,1712.82,2025-03-31
257,257,saque,4358.32,2025-02-24
258,258,saque,4557.46,2025-04-02
259,259,depósito,3409.53,2025-04-27
260,260,saque,3385.10,2025-03-01
261,261,transferência,2826.93,2025-02-03
262,262,saque,4612.64,2025-04-08
263,263,depósito,2030.82,2025-04-27
264,264,depósito,2286.43,2025-04-19
265,265,saque,1979.22,2025-02-26
266,266,transferência,792.65,2025-01-16
267,267,depósito,2483.39,2025-01-14
268,268,depósito,1938.45,2025-01-29
269,269,saque,3550.62,2025-02-09
270,270,depósito,1424.73,2025-04-02
271,271,transferência,802.96,2025-03-13
272,272,transferência,4457.91,2025-01-22
273,273,saque,2775.90,2025-02-22
274,274,saque,1304.27,2025-01-05
275,275,depósito,1788.33,2025-02-20
276,276,saque,1619.83,2025-03-17
277,277,transferência,3331.83,2025-05-07
278,278,saque,4039.60,2025-01-14
279,279,transferência,3499.73,2025-02-02
280,280,saque,4554.52,2025-01-21
281,281,depósito,1523.97,2025-05-05
282,282,depósito,4141.50,2025-02-20
283,283,depósito,1354.64,2025-02-17
284,284,depósito,1799.95,2025-01-23
285,285,saque,1950.14,2025-04-20
286,286,transferência,4161.40,2025-04-20
287,287,transferência,3764.76,2025-02-06
288,288,saque,3744.50,2025-01-03
289,289,saque,1320.82,2025-04-24
290,290,depósito,318.79,2025-02-01
291,291,transferência,4153.31,2025-04-03
292,292,saque,973.13,2025-02-01
293,293,saque,4938.63,2025-02-11
294,294,saque,453.93,2025-01-09
295,295,saque,3442.67,2025-02-06
296,296,transferência,1444.38,2025-04-03
297,297,transferência,4929.27,2025-04-22
298,298,transferência,4764.33,2025-01-13
299,299,depósito,1381.09,2025-04-12
300,300,depósito,1451.91,2025-04-10
301,301,transferência,1370.10,2025-04-05
302,302,saque,4166.86,2025-02-01
303,303,depósito,4140.43,2025-01-20
304,304,depósito,2681.24,2025-02-13
305,305,depósito,4266.95,2025-04-03
306,306,saque,1865.84,2025-02-22
307,307,depósito,3322.79,2025-01-28
308,308,saque,4172.28,2025-03-30
309,309,depósito,3613.66,2025-04-11
310,310,depósito,1625.10,2025-04-11
311,311,transferência,532.62,2025-02-06
312,312,saque,3943.32,2025-04-29
313,313,transferência,1423.98,2025-04-28
314,314,transferência,4221.31,2025-03-16
315,315,depósito,1945.06,2025-04-13
316,316,depósito,3968.11,2025-01-15
317,317,depósito,1490.62,2025-02-06
318,318,transferência,2405.08,2025-03-04
319,319,transferência,1688.70,2025-02-03
320,320,transferência,405.80,2025-05-06
321,321,depósito,241.73,2025-04-26
322,322,transferência,679.32,2025-03-25
323,323,transferência,2892.11,2025-01-26
324,324,transferência,2200.24,2025-03-20
325,325,saque,4772.07,2025-03-17
326,326,saque,557.71,2025-02-26
327,327,transferência,4138.95,2025-02-07
328,328,transferência,223.73,2025-02-06
329,329,depósito,4533.40,2025-01-19
330,330,saque,2185.09,2025-05-01
331,331,transferência,836.00,2025-02-28
332,332,depósito,393.69,2025-02-04
333,333,depósito,2252.64,2025-03-18
334,334,depósito,139.20,2025-03-19
335,335,transferência,2895.85,2025-01-01
336,336,saque,601.31,2025-01-31
337,337,depósito,438.43,2025-04-25
338,338,depósito,783.39,2025-04-08
339,339,depósito,4570.57,2025-05-07
340,340,saque,1613.87,2025-01-08
341,341,depósito,4627.82,2025-02-27
342,342,saque,1970.83,2025-02-05
343,343,transferência,2273.65,2025-01-13
344,344,depósito,4231.12,2025-04-24
345,345,transferência,3607.78,2025-01-05
346,346,transferência,1066.55,2025-05-07
347,347,transferência,1921.67,2025-03-08
348,348,depósito,330.39,2025-03-10
349,349,depósito,3184.81,2025-05-05
350,350,saque,387.97,2025-04-29
351,351,transferência,4915.22,2025-03-07
352,352,transferência,118.58,2025-01-19
353,353,transferência,1292.03,2025-03-31
354,354,saque,895.37,2025-03-06
355,355,transferência,534.57,2025-01-22
356,356,depósito,2004.87,2025-03-31
357,357,saque,2136.40,2025-01-24
358,358,transferência,2004.92,2025-02-06
359,359,depósito,3616.68,2025-04-26
360,360,depósito,2928.77,2025-02-18
361,361,saque,1795.48,2025-04-03
362,362,transferência,3972.71,2025-03-23
363,363,depósito,2855.61,2025-05-02
364,364,transferência,1496.52,2025-02-03
365,365,transferência,3864.57,2025-04-02
366,366,saque,2287.01,2025-03-14
367,367,saque,4532.74,2025-01-15
368,368,depósito,1980.26,2025-03-20
369,369,saque,912.74,2025-03-30
370,370,depósito,1732.55,2025-01-08
371,371,transferência,3224.83,2025-04-01
372,372,saque,1010.92,2025-01-21
373,373,depósito,706.14,2025-02-23
374,374,saque,4253.87,2025-02-15
375,375,transferência,3786.03,2025-01-31
376,376,depósito,2392.11,2025-04-17
377,377,saque,211.60,2025-03-17
378,378,transferência,3283.35,2025-04-05
379,379,depósito,2303.43,2025-04-11
380,380,transferência,885.77,2025-04-28
381,381,transferência,4873.50,2025-04-25
382,382,saque,3792.46,2025-01-28
383,383,depósito,4021.11,2025-04-05
384,384,depósito,3692.43,2025-02-19
385,385,transferência,3997.85,2025-02-21
386,386,saque,4960.65,2025-02-28
387,387,saque,2621.29,2025-02-22
388,388,saque,109.01,2025-04-26
389,389,saque,779.82,2025-03-27
390,390,saque,4475.97,2025-04-02
391,391,transferência,2787.13,2025-04-16
392,392,transferência,2985.82,2025-04-24
393,393,depósito,3612.55,2025-04-19
394,394,transferência,2127.49,2025-02-22
395,395,transferência,727.15,2025-04-09
396,396,transferência,1511.91,2025-04-25
397,397,saque,4846.45,2025-03-29
398,398,saque,894.25,2025-04-24
399,399,transferência,3143.02,2025-04-15
400,400,saque,4354.73,2025-04-11
401,401,depósito,3892.69,2025-04-22
402,402,saque,3619.95,2025-03-23
403,403,transferência,4321.68,2025-04-08
404,404,transferência,4842.72,2025-04-22
405,405,depósito,3356.95,2025-01-07
406,406,transferência,2431.71,2025-01-27
407,407,transferência,1946.88,2025-04-16
408,408,depósito,626.14,2025-02-15
409,409,transferência,3275.85,2025-01-13
410,410,saque,3880.01,2025-03-10
411,411,depósito,3556.60,2025-04-21
412,412,saque,4715.15,2025-04-08
413,413,saque,2654.80,2025-01-13
414,414,depósito,2910.41,2025-01-25
415,415,transferência,1563.16,2025-03-26
416,416,transferência,4027.51,2025-05-07
417,417,depósito,591.57,2025-04-19
418,418,depósito,411.26,2025-05-04
419,419,transferência,2893.83,2025-02-26
420,420,saque,4481.56,2025-02-26
421,421,transferência,66.02,2025-03-23
422,422,saque,3420.01,2025-01-11
423,423,saque,1609.34,2025-04-27
424,424,depósito,4644.69,2025-03-22
425,425,depósito,2961.34,2025-02-23
426,426,depósito,2254.76,2025-01-12
427,427,saque,1462.88,2025-03-19
428,428,depósito,1797.09,2025-04-14
429,429,depósito,2608.82,2025-04-29
430,430,saque,2579.98,2025-03-01
431,431,transferência,740.22,2025-01-27
432,432,saque,160.51,2025-04-20
433,433,transferência,1876.75,2025-01-07
434,434,transferência,88.13,2025-03-21
435,435,saque,1567.88,2025-02-03
436,436,depósito,3254.74,2025-02-28
437,437,saque,2169.48,2025-02-03
438,438,saque,2181.36,2025-04-11
439,439,depósito,610.24,2025-01-10
440,440,saque,4569.21,2025-04-17
441,441,depósito,4100.09,2025-03-11
442,442,saque,2978.69,2025-03-24
443,443,depósito,3526.69,2025-04-02
444,444,depósito,987.44,2025-01-02
445,445,saque,4152.85,2025-01-24
446,446,saque,4003.94,2025-03-05
447,447,transferência,2708.19,2025-03-08
448,448,depósito,3504.96,2025-01-08
449,449,depósito,1443.28,2025-05-02
450,450,transferência,1238.57,2025-03-12
451,451,saque,820.46,2025-02-27
452,452,saque,4856.82,2025-02-04
453,453,saque,2325.42,2025-03-26
454,454,saque,4127.85,2025-04-16
455,455,depósito,70.08,2025-02-27
456,456,saque,826.68,2025-01-30
457,457,depósito,1358.28,2025-03-14
458,458,depósito,596.22,2025-01-13
459,459,depósito,405.03,2025-02-16
460,460,depósito,1054.55,2025-02-01
461,461,saque,2719.35,2025-04-24
462,462,depósito,3160.98,2025-02-04
463,463,depósito,3056.92,2025-01-15
464,464,transferência,856.96,2025-03-02
465,465,saque,1339.32,2025-04-07
466,466,depósito,720.44,2025-04-17
467,467,transferência,2538.11,2025-04-29
468,468,transferência,1166.67,2025-02-13
469,469,depósito,2875.78,2025-02-14
470,470,transferência,3734.35,2025-01-24
471,471,transferência,1435.38,2025-04-02
472,472,transferência,2393.15,2025-03-22
473,473,saque,3676.81,2025-03-30
474,474,transferência,2090.37,2025-02-18
475,475,saque,1050.70,2025-05-06
476,476,depósito,3475.68,2025-03-06
477,477,saque,4013.97,2025-04-18
478,478,transferência,1188.09,2025-03-24
479,479,depósito,1675.86,2025-03-02
480,480,transferência,252.53,2025-01-28
481,481,transferência,3430.05,2025-04-01
482,482,transferência,2973.08,2025-04-18
483,483,transferência,4210.23,2025-04-16
484,484,saque,1691.01,2025-04-06
485,485,depósito,4512.18,2025-04-16
486,486,saque,4338.72,2025-02-21
487,487,transferência,595.22,2025-04-30
488,488,transferência,1782.93,2025-03-28
489,489,saque,3750.36,2025-02-21
490,490,depósito,410.92,2025-01-09
491,491,transferência,4977.68,2025-05-01
492,492,depósito,927.42,2025-02-25
493,493,depósito,3915.19,2025-03-06
494,494,depósito,3525.00,2025-03-15
495,495,transferência,2326.55,2025-02-11
496,496,transferência,4513.74,2025-02-02
497,497,transferência,2109.82,2025-03-18
498,498,transferência,685.09,2025-04-05
499,499,depósito,1662.60,2025-04-04
500,500,saque,2052.66,2025-03-04
501,501,transferência,1117.14,2025-02-25
502,502,transferência,672.90,2025-02-06
503,503,depósito,1299.54,2025-04-26
504,504,depósito,2884.59,2025-03-02
505,505,saque,3947.16,2025-03-26
506,506,depósito,2431.99,2025-01-02
507,507,depósito,73.57,2025-01-30
508,508,transferência,1496.75,2025-01-16
509,509,transferência,1146.05,2025-01-09
510,510,depósito,4522.83,2025-03-21
511,511,transferência,2267.56,2025-02-26
512,512,saque,4335.13,2025-03-24
513,513,saque,1677.49,2025-03-16
514,514,saque,4984.47,2025-02-11
515,515,saque,1739.98,2025-04-13
516,516,saque,949.16,2025-01-27
517,517,depósito,1553.34,2025-01-31
518,518,saque,3621.21,2025-03-19
519,519,saque,1476.31,2025-01-21
520,520,depósito,311.37,2025-03-04
521,521,saque,3034.48,2025-01-21
522,522,depósito,400.81,2025-02-14
523,523,transferência,4426.60,2025-05-05
524,524,depósito,2232.41,2025-03-29
525,525,depósito,1654.25,2025-04-11
526,526,saque,4249.33,2025-04-21
527,527,depósito,282.52,2025-04-06
528,528,depósito,433.79,2025-03-19
529,529,depósito,926.19,2025-01-31
530,530,transferência,335.56,2025-03-30
531,531,saque,3206.69,2025-03-26
532,532,transferência,3983.62,2025-03-27
533,533,depósito,4288.93,2025-03-11
534,534,transferência,3864.05,2025-01-22
535,535,depósito,1717.43,2025-01-27
536,536,depósito,1150.45,2025-01-30
537,537,depósito,2480.90,2025-03-02
538,538,depósito,2901.45,2025-04-23
539,539,depósito,4481.42,2025-02-17
540,540,saque,1679.12,2025-01-22
541,541,depósito,4115.02,2025-02-05
542,542,transferência,3298.45,2025-02-16
543,543,depósito,2862.86,2025-05-05
544,544,depósito,415.10,2025-04-28
545,545,transferência,1820.91,2025-03-20
546,546,saque,4186.86,2025-04-16
547,547,transferência,2591.06,2025-04-26
548,548,saque,4813.11,2025-01-26
549,549,transferência,3908.79,2025-03-21
550,550,depósito,2026.91,2025-05-03
551,551,depósito,284.20,2025-02-05
552,552,depósito,1532.94,2025-02-15
553,553,saque,2987.55,2025-02-10
554,554,depósito,1825.56,2025-02-04
555,555,saque,2565.52,2025-01-20
556,556,saque,2778.01,2025-03-02
557,557,transferência,3813.98,2025-02-19
558,558,transferência,744.70,2025-04-22
559,559,transferência,2764.69,2025-01-22
560,560,depósito,3120.56,2025-05-04
561,561,saque,4052.35,2025-05-03
562,562,depósito,2382.85,2025-04-25
563,563,transferência,4745.12,2025-02-20
564,564,depósito,344.86,2025-02-09
565,565,depósito,4910.65,2025-04-25
566,566,depósito,1910.72,2025-01-09
567,567,transferência,1224.05,2025-02-03
568,568,depósito,2937.40,2025-04-27
569,569,saque,1256.80,2025-04-07
570,570,saque,3704.27,2025-03-27
571,571,transferência,4143.82,2025-02-26
572,572,depósito,1789.09,2025-03-09
573,573,transferência,4464.94,2025-03-07
574,574,saque,2339.63,2025-02-24
575,575,transferência,3446.27,2025-03-02
576,576,saque,1729.40,2025-02-02
577,577,transferência,2321.45,2025-04-07
578,578,transferência,4409.22,2025-02-07
579,579,saque,2682.11,2025-02-15
580,580,depósito,1020.49,2025-02-09
581,581,depósito,1129.88,2025-03-04
582,582,depósito,3837.48,2025-03-19
583,583,transferência,3294.20,2025-04-17
584,584,saque,2921.62,2025-04-03
585,585,transferência,2247.68,2025-02-01
586,586,depósito,321.66,2025-01-10
587,587,transferência,2605.06,2025-04-21
588,588,saque,3274.58,2025-01-22
589,589,saque,3792.48,2025-02-05
590,590,depósito,3306.83,2025-02-07
591,591,transferência,650.80,2025-01-11
592,592,saque,3687.57,2025-01-21
593,593,depósito,717.33,2025-01-26
594,594,depósito,1830.67,2025-01-06
595,595,saque,2364.85,2025-04-12
596,596,transferência,3132.31,2025-02-15
597,597,transferência,1990.92,2025-01-29
598,598,transferência,1651.35,2025-01-06
599,599,saque,3500.56,2025-01-07
600,600,saque,2361.96,2025-01-25
601,601,depósito,1498.88,2025-01-08
602,602,depósito,1775.29,2025-01-31
603,603,saque,1154.97,2025-01-31
604,604,depósito,1485.86,2025-02-26
605,605,saque,3088.15,2025-04-05
606,606,saque,775.01,2025-01-16
607,607,saque,1256.11,2025-01-21
608,608,transferência,375.70,2025-04-26
609,609,depósito,2187.30,2025-01-19
610,610,transferência,4504.08,2025-01-18
611,611,saque,3207.43,2025-04-14
612,612,depósito,220.91,2025-02-20
613,613,transferência,3055.19,2025-02-20
614,614,depósito,3127.09,2025-01-16
615,615,transferência,623.52,2025-02-24
616,616,transferência,4340.53,2025-04-10
617,617,depósito,2690.40,2025-03-14
618,618,depósito,4711.92,2025-01-04
619,619,transferência,659.12,2025-01-26
620,620,saque,3541.00,2025-02-28
621,621,transferência,3674.10,2025-04-17
622,622,transferência,3880.72,2025-01-19
623,623,transferência,143.57,2025-02-11
624,624,depósito,3816.02,2025-01-24
625,625,saque,3414.83,2025-03-12
626,626,depósito,382.75,2025-02-25
627,627,transferência,3177.11,2025-04-02
628,628,transferência,3295.54,2025-04-18
629,629,saque,2553.65,2025-04-04
630,630,depósito,3628.80,2025-05-06
631,631,transferência,1933.01,2025-01-03
632,632,depósito,2017.77,2025-02-10
633,633,transferência,4409.15,2025-02-22
634,634,saque,2526.69,2025-02-15
635,635,depósito,4409.50,2025-01-14
636,636,transferência,1201.10,2025-02-01
637,637,depósito,2327.88,2025-01-24
638,638,saque,3947.23,2025-04-26
639,639,saque,2337.08,2025-04-15
640,640,saque,4043.54,2025-03-21
641,641,transferência,2542.82,2025-04-30
642,642,transferência,4906.88,2025-01-23
643,643,depósito,3838.34,2025-03-25
644,644,transferência,2252.91,2025-02-16
645,645,transferência,3158.05,2025-01-12
646,646,saque,2021.63,2025-02-11
647,647,saque,2237.08,2025-02-25
648,648,depósito,4407.16,2025-04-27
649,649,transferência,1943.45,2025-03-17
650,650,transferência,2053.96,2025-04-22
651,651,transferência,2761.12,2025-05-07
652,652,saque,4551.26,2025-03-31
653,653,saque,1179.56,2025-02-17
654,654,depósito,85.00,2025-02-17
655,655,transferência,1708.51,2025-03-30
656,656,saque,3022.05,2025-01-20
657,657,depósito,3908.22,2025-02-03
658,658,saque,337.30,2025-02-27
659,659,transferência,786.47,2025-02-18
660,660,transferência,87.15,2025-01-19
661,661,depósito,3299.60,2025-04-15
662,662,depósito,3631.62,2025-03-12
663,663,saque,4449.61,2025-04-05
664,664,saque,686.19,2025-01-15
665,665,transferência,4919.63,2025-04-17
666,666,transferência,4220.21,2025-03-18
667,667,transferência,1795.18,2025-03-22
668,668,saque,4335.08,2025-01-03
669,669,saque,536.83,2025-01-15
670,670,transferência,482.06,2025-04-07
671,671,depósito,4801.48,2025-03-25
672,672,transferência,802.59,2025-03-22
673,673,transferência,4403.43,2025-02-09
674,674,depósito,4081.69,2025-01-12
675,675,transferência,292.68,2025-04-20
676,676,saque,1494.26,2025-01-07
677,677,transferência,3553.46,2025-05-02
678,678,transferência,453.13,2025-03-29
679,679,depósito,1642.79,2025-04-22
680,680,transferência,2719.52,2025-02-11
681,681,depósito,2384.03,2025-03-06
682,682,transferência,61.97,2025-04-18
683,683,transferência,1421.97,2025-04-30
684,684,depósito,3832.22,2025-02-12
685,685,depósito,2638.35,2025-02-23
686,686,depósito,4128.47,2025-04-15
687,687,depósito,65.50,2025-01-28
688,688,depósito,2312.68,2025-02-08
689,689,saque,2731.32,2025-04-19
690,690,saque,3870.87,2025-01-21
691,691,depósito,1888.02,2025-03-30
692,692,transferência,1524.08,2025-05-06
693,693,transferência,4639.52,2025-04-21
694,694,transferência,1367.40,2025-02-05
695,695,depósito,2770.98,2025-02-15
696,696,transferência,248.81,2025-04-15
697,697,saque,3187.16,2025-05-03
698,698,transferência,2859.13,2025-03-02
699,699,transferência,2870.30,2025-04-27
700,700,depósito,4425.77,2025-02-23
701,701,saque,537.19,2025-01-01
702,702,depósito,1949.92,2025-01-02
703,703,depósito,1000.47,2025-03-10
704,704,saque,284.93,2025-04-12
705,705,transferência,1690.50,2025-04-07
706,706,depósito,496.97,2025-02-02
707,707,depósito,1414.11,2025-01-20
708,708,saque,3245.04,2025-03-07
709,709,depósito,4244.16,2025-03-02
710,710,transferência,1043.39,2025-01-12
711,711,transferência,2063.73,2025-04-01
712,712,saque,1046.05,2025-02-15
713,713,depósito,2552.89,2025-01-16
714,714,saque,4847.41,2025-04-26
715,715,transferência,1872.85,2025-04-18
716,716,saque,4208.18,2025-04-13
717,717,transferência,2297.81,2025-03-16
718,718,depósito,3475.40,2025-02-08
719,719,depósito,2948.54,2025-01-27
720,720,transferência,475.75,2025-03-05
721,721,depósito,2172.24,2025-01-05
722,722,transferência,2386.47,2025-02-19
723,723,transferência,454.43,2025-05-06
724,724,depósito,1175.11,2025-01-24
725,725,saque,3898.25,2025-03-21
726,726,saque,3709.21,2025-05-02
727,727,transferência,3142.19,2025-03-16
728,728,transferência,4524.64,2025-01-11
729,729,saque,1952.85,2025-04-18
730,730,saque,3135.53,2025-03-09
731,731,saque,3380.99,2025-02-06
732,732,depósito,2910.61,2025-01-20
733,733,depósito,1391.66,2025-01-13
734,734,transferência,2207.70,2025-02-20
735,735,depósito,2543.13,2025-01-08
736,736,saque,4957.70,2025-02-06
737,737,saque,470.80,2025-03-21
738,738,depósito,2726.81,2025-02-20
739,739,depósito,2289.21,2025-01-19
740,740,depósito,2320.16,2025-02-16
741,741,depósito,4984.37,2025-01-21
742,742,saque,2810.92,2025-04-26
743,743,transferência,3759.20,2025-01-12
744,744,depósito,2204.85,2025-02-04
745,745,transferência,157.86,2025-05-03
746,746,depósito,4304.24,2025-02-11
747,747,transferência,4430.42,2025-04-22
748,748,transferência,4843.04,2025-04-12
749,749,depósito,3413.90,2025-02-25
750,750,saque,2721.46,2025-04-18
751,751,depósito,4596.71,2025-01-31
752,752,transferência,650.88,2025-03-13
753,753,depósito,444.47,2025-02-01
754,754,depósito,713.14,2025-03-17
755,755,saque,1503.48,2025-01-09
756,756,transferência,2134.92,2025-02-28
757,757,depósito,2128.07,2025-03-31
758,758,saque,4701.64,2025-04-14
759,759,depósito,1137.95,2025-04-27
760,760,transferência,2484.21,2025-04-02
761,761,saque,4706.38,2025-02-13
762,762,saque,1436.00,2025-03-21
763,763,depósito,4228.31,2025-01-06
764,764,saque,3473.19,2025-01-09
765,765,depósito,3712.33,2025-01-17
766,766,saque,1760.13,2025-04-22
767,767,depósito,657.66,2025-01-06
768,768,saque,1448.37,2025-02-21
769,769,transferência,617.28,2025-04-10
770,770,depósito,2573.34,2025-02-16
771,771,transferência,571.09,2025-05-07
772,772,saque,2255.96,2025-04-19
773,773,saque,1578.67,2025-01-14
774,774,transferência,3641.50,2025-02-01
775,775,depósito,1937.96,2025-01-03
776,776,transferência,4507.77,2025-04-30
777,777,transferência,2701.06,2025-03-19
778,778,depósito,324.35,2025-04-19
779,779,depósito,3918.39,2025-04-06
780,780,transferência,4384.91,2025-04-18
781,781,depósito,4475.40,2025-03-05
782,782,depósito,169.08,2025-03-19
783,783,depósito,990.01,2025-03-11
784,784,depósito,3322.96,2025-03-30
785,785,depósito,4623.46,2025-02-10
786,786,depósito,4018.85,2025-03-28
787,787,transferência,1724.65,2025-04-20
788,788,depósito,2806.14,2025-01-23
789,789,depósito,130.82,2025-04-07
790,790,saque,4955.89,2025-04-12
791,791,depósito,2196.16,2025-05-04
792,792,saque,1209.71,2025-05-02
793,793,saque,439.19,2025-02-24
794,794,saque,4428.73,2025-01-26
795,795,transferência,3482.40,2025-03-14
796,796,depósito,878.29,2025-03-05
797,797,depósito,2265.78,2025-02-22
798,798,saque,1896.57,2025-02-08
799,799,saque,2046.85,2025-04-07
800,800,depósito,4120.94,2025-04-21
801,801,saque,2670.14,2025-04-02
802,802,depósito,3456.51,2025-04-14
803,803,depósito,1679.87,2025-01-31
804,804,transferência,4197.05,2025-03-15
805,805,depósito,3354.76,2025-04-21
806,806,depósito,2149.55,2025-04-14
807,807,depósito,3564.15,2025-01-26
808,808,saque,522.01,2025-03-02
809,809,transferência,3267.81,2025-01-12
810,810,depósito,3025.06,2025-04-02
811,811,depósito,4582.96,2025-03-09
812,812,transferência,3075.83,2025-04-06
813,813,depósito,2439.28,2025-04-25
814,814,depósito,1360.60,2025-03-04
815,815,depósito,4404.76,2025-02-20
816,816,saque,2494.43,2025-05-05
817,817,saque,2523.76,2025-02-15
818,818,depósito,1531.92,2025-05-06
819,819,depósito,848.73,2025-01-17
820,820,transferência,384.76,2025-02-12
821,821,depósito,3311.55,2025-04-16
822,822,saque,2826.25,2025-03-07
823,823,depósito,4973.89,2025-03-30
824,824,saque,2649.88,2025-03-14
825,825,depósito,4526.60,2025-03-27
826,826,depósito,1439.00,2025-01-07
827,827,saque,3743.40,2025-03-19
828,828,transferência,3436.50,2025-04-05
829,829,transferência,4344.75,2025-03-22
830,830,transferência,355.29,2025-04-11
831,831,depósito,2180.09,2025-02-05
832,832,saque,2320.65,2025-03-21
833,833,depósito,924.50,2025-04-14
834,834,depósito,1808.83,2025-02-28
835,835,transferência,1969.18,2025-03-11
836,836,depósito,927.72,2025-04-26
837,837,transferência,4532.54,2025-03-05
838,838,saque,2913.92,2025-01-06
839,839,saque,4147.39,2025-04-20
840,840,transferência,855.36,2025-02-20
841,841,transferência,1159.68,2025-04-23
842,842,transferência,2446.99,2025-02-06
843,843,depósito,923.42,2025-03-04
844,844,transferência,4329.92,2025-01-26
845,845,depósito,2863.75,2025-03-20
846,846,transferência,4469.75,2025-01-21
847,847,saque,1981.32,2025-02-13
848,848,transferência,4994.38,2025-02-25
849,849,transferência,4394.40,2025-03-28
850,850,depósito,3920.35,2025-03-17
851,851,depósito,202.93,2025-03-14
852,852,depósito,420.89,2025-04-27
853,853,depósito,1503.50,2025-02-05
854,854,depósito,1139.32,2025-01-24
855,855,saque,1911.49,2025-04-27
856,856,saque,4341.14,2025-01-06
857,857,saque,696.08,2025-02-03
858,858,transferência,4104.38,2025-04-23
859,859,transferência,2230.56,2025-02-23
860,860,transferência,2505.51,2025-01-16
861,861,depósito,4158.89,2025-01-02
862,862,depósito,2506.79,2025-02-21
863,863,depósito,2089.90,2025-04-23
864,864,transferência,1384.54,2025-02-27
865,865,saque,1816.15,2025-03-28
866,866,saque,2658.49,2025-01-01
867,867,transferência,1645.99,2025-05-04
868,868,depósito,2344.43,2025-04-02
869,869,saque,319.82,2025-04-01
870,870,depósito,1127.50,2025-02-03
871,871,transferência,4572.13,2025-02-15
872,872,depósito,2929.59,2025-05-06
873,873,depósito,3194.76,2025-04-18
874,874,transferência,2107.64,2025-03-31
875,875,saque,2095.87,2025-04-05
876,876,saque,601.68,2025-03-26
877,877,saque,4937.87,2025-01-08
878,878,transferência,3857.43,2025-02-27
879,879,depósito,1250.97,2025-03-14
880,880,depósito,3193.23,2025-04-15
881,881,depósito,1196.55,2025-04-09
882,882,depósito,1507.25,2025-04-08
883,883,depósito,3380.38,2025-04-10
884,884,saque,3622.61,2025-05-01
885,885,saque,582.97,2025-01-02
886,886,saque,726.83,2025-02-18
887,887,transferência,4688.35,2025-03-29
888,888,saque,481.14,2025-02-17
889,889,transferência,1268.98,2025-03-08
890,890,depósito,255.03,2025-01-09
891,891,saque,4050.33,2025-01-05
892,892,saque,558.33,2025-03-17
893,893,depósito,1449.57,2025-01-07
894,894,saque,889.03,2025-04-02
895,895,saque,3291.25,2025-04-13
896,896,transferência,2715.83,2025-01-14
897,897,saque,572.93,2025-03-25
898,898,saque,4398.24,2025-04-27
899,899,depósito,1332.59,2025-04-05
900,900,transferência,1713.56,2025-03-26
901,901,saque,3376.38,2025-02-17
902,902,transferência,3200.76,2025-01-26
903,903,saque,3817.53,2025-01-27
904,904,depósito,681.97,2025-04-06
905,905,saque,2189.12,2025-05-06
906,906,transferência,3169.02,2025-02-11
907,907,depósito,4854.00,2025-03-01
908,908,depósito,2859.00,2025-04-03
909,909,saque,1259.02,2025-02-28
910,910,depósito,4089.20,2025-01-31
911,911,transferência,820.91,2025-02-07
912,912,saque,499.02,2025-01-08
913,913,depósito,1657.60,2025-01-08
914,914,depósito,2926.66,2025-04-19
915,915,saque,3187.69,2025-04-22
916,916,depósito,1755.58,2025-04-13
917,917,saque,4171.31,2025-04-30
918,918,transferência,3264.72,2025-01-12
919,919,transferência,2235.77,2025-04-28
920,920,transferência,2038.19,2025-03-15
921,921,saque,2931.98,2025-01-31
922,922,depósito,890.74,2025-04-21
923,923,saque,3309.47,2025-03-12
924,924,saque,695.37,2025-03-08
925,925,saque,3557.25,2025-01-19
926,926,transferência,1437.72,2025-01-03
927,927,transferência,2055.37,2025-02-26
928,928,saque,106.86,2025-01-08
929,929,transferência,2376.55,2025-04-08
930,930,transferência,3327.99,2025-03-12
931,931,saque,93.85,2025-04-25
932,932,transferência,1869.98,2025-03-08
933,933,saque,4095.37,2025-01-04
934,934,depósito,1040.16,2025-05-05
935,935,depósito,2280.54,2025-01-05
936,936,saque,3444.36,2025-01-15
937,937,depósito,2942.05,2025-04-28
938,938,depósito,273.94,2025-03-24
939,939,depósito,640.66,2025-04-19
940,940,saque,4400.07,2025-03-07
941,941,saque,2405.09,2025-03-20
942,942,transferência,3228.32,2025-01-14
943,943,saque,3284.48,2025-03-14
944,944,saque,4506.06,2025-02-24
945,945,transferência,4280.65,2025-05-07
946,946,transferência,580.30,2025-04-04
947,947,saque,3689.37,2025-01-01
948,948,depósito,1197.94,2025-02-21
949,949,depósito,4945.47,2025-04-11
950,950,transferência,411.49,2025-04-21
951,951,saque,3199.02,2025-03-26
952,952,saque,3971.43,2025-03-13
953,953,saque,2286.34,2025-03-29
954,954,saque,612.40,2025-04-17
955,955,saque,3582.34,2025-03-13
956,956,depósito,4667.85,2025-01-23
957,957,depósito,4724.98,2025-03-12
958,958,saque,2907.26,2025-01-29
959,959,saque,3071.04,2025-04-20
960,960,saque,1036.75,2025-01-05
961,961,saque,322.84,2025-04-12
962,962,saque,4034.68,2025-04-28
963,963,transferência,2975.86,2025-01-11
964,964,transferência,4309.16,2025-01-28
965,965,depósito,732.66,2025-03-26
966,966,depósito,4937.35,2025-04-20
967,967,depósito,3862.39,2025-04-27
968,968,depósito,3525.60,2025-04-25
969,969,depósito,1511.18,2025-04-01
970,970,saque,3034.38,2025-01-16
971,971,transferência,2933.78,2025-01-01
972,972,saque,2772.15,2025-03-19
973,973,depósito,2022.49,2025-01-21
974,974,depósito,4863.17,2025-02-18
975,975,saque,3574.22,2025-03-06
976,976,depósito,4666.92,2025-02-12
977,977,transferência,842.85,2025-03-31
978,978,transferência,1207.84,2025-01-25
979,979,saque,2140.24,2025-03-06
980,980,depósito,269.92,2025-02-11
981,981,transferência,297.55,2025-04-18
982,982,saque,504.80,2025-05-06
983,983,saque,786.02,2025-05-02
984,984,saque,829.71,2025-04-10
985,985,depósito,4492.66,2025-02-02
986,986,depósito,3438.53,2025-02-14
987,987,depósito,4972.14,2025-04-09
988,988,saque,2315.64,2025-03-08
989,989,depósito,3824.16,2025-02-04
990,990,saque,4929.75,2025-03-19
991,991,saque,1930.67,2025-03-14
992,992,depósito,3126.93,2025-04-24
993,993,saque,4221.13,2025-03-13
994,994,transferência,1812.50,2025-03-18
995,995,transferência,4553.73,2025-04-03
996,996,depósito,2193.45,2025-01-20
997,997,transferência,1154.81,2025-02-14
998,998,transferência,2172.49,2025-04-24
999,999,depósito,2446.01,2025-03-15
1000,1000,transferência,1704.12,2025-04-24
1001,1001,saque,2940.85,2025-02-18
1002,1002,transferência,2149.59,2025-04-12
1003,1003,depósito,3735.24,2025-02-17
1004,1004,transferência,2586.29,2025-04-19
1005,1005,depósito,3790.76,2025-03-24
1006,1006,transferência,793.64,2025-01-05
1007,1007,transferência,2542.65,2025-01-20
1008,1008,saque,991.47,2025-02-21
1009,1009,depósito,1886.29,2025-03-04
1010,1010,saque,2401.14,2025-03-22
1011,1011,transferência,4669.68,2025-05-07
1012,1012,transferência,93.92,2025-04-01
1013,1013,saque,1488.75,2025-02-26
1014,1014,depósito,106.79,2025-03-31
1015,1015,transferência,2359.07,2025-05-05
1016,1016,transferência,2976.19,2025-03-02
1017,1017,depósito,1628.16,2025-02-27
1018,1018,depósito,2088.36,2025-02-22
1019,1019,saque,968.23,2025-04-30
1020,1020,saque,1371.44,2025-04-08
1021,1021,depósito,4697.71,2025-03-31
1022,1022,saque,1772.09,2025-05-06
1023,1023,transferência,334.85,2025-03-10
1024,1024,transferência,2909.03,2025-04-12
1025,1025,transferência,775.63,2025-02-04
1026,1026,saque,4873.42,2025-03-06
1027,1027,saque,3986.74,2025-04-22
1028,1028,transferência,515.21,2025-04-20
1029,1029,saque,2330.85,2025-03-13
1030,1030,saque,4772.41,2025-04-13
1031,1031,depósito,2667.17,2025-01-13
1032,1032,transferência,2042.24,2025-01-11
1033,1033,transferência,4514.57,2025-01-10
1034,1034,transferência,4375.78,2025-03-02
1035,1035,depósito,4634.99,2025-02-01
1036,1036,saque,4924.27,2025-01-20
1037,1037,saque,1140.15,2025-01-03
1038,1038,saque,638.76,2025-04-04
1039,1039,saque,3101.29,2025-02-23
1040,1040,depósito,2758.81,2025-05-03
1041,1041,transferência,3737.66,2025-02-22
1042,1042,saque,2062.01,2025-03-21
1043,1043,transferência,3169.93,2025-04-17
1044,1044,depósito,4758.75,2025-03-14
1045,1045,transferência,3928.16,2025-02-24
1046,1046,transferência,3986.44,2025-02-17
1047,1047,transferência,2354.86,2025-02-05
1048,1048,depósito,2950.64,2025-02-23
1049,1049,depósito,2708.11,2025-04-17
1050,1050,saque,2950.81,2025-01-04
1051,1051,depósito,1340.19,2025-03-22
1052,1052,transferência,4396.31,2025-03-26
1053,1053,saque,2055.52,2025-03-07
1054,1054,transferência,2986.87,2025-01-13
1055,1055,depósito,1348.62,2025-05-05
1056,1056,transferência,4515.06,2025-04-16
1057,1057,saque,2920.06,2025-03-30
1058,1058,saque,3178.61,2025-02-02
1059,1059,depósito,4194.67,2025-02-24
1060,1060,saque,140.96,2025-03-19
1061,1061,saque,492.96,2025-04-09
1062,1062,saque,327.54,2025-02-02
1063,1063,depósito,1613.25,2025-03-09
1064,1064,depósito,1866.64,2025-03-04
1065,1065,saque,2663.67,2025-05-01
1066,1066,transferência,4544.67,2025-04-11
1067,1067,depósito,4040.88,2025-03-23
1068,1068,transferência,1548.74,2025-04-21
1069,1069,depósito,3304.25,2025-02-09
1070,1070,depósito,4977.45,2025-01-13
1071,1071,depósito,3606.90,2025-02-22
1072,1072,saque,3342.30,2025-02-14
1073,1073,saque,1105.28,2025-01-30
1074,1074,depósito,3335.81,2025-02-08
1075,1075,transferência,2487.50,2025-02-04
1076,1076,saque,3649.34,2025-03-13
1077,1077,depósito,1715.37,2025-04-23
1078,1078,depósito,3230.12,2025-01-12
1079,1079,depósito,1970.60,2025-01-14
1080,1080,saque,4064.32,2025-01-21
1081,1081,transferência,2119.82,2025-05-06
1082,1082,transferência,760.54,2025-05-01
1083,1083,saque,1266.34,2025-02-14
1084,1084,transferência,2269.38,2025-01-27
1085,1085,depósito,1529.84,2025-03-21
1086,1086,transferência,2169.10,2025-03-17
1087,1087,depósito,1342.29,2025-01-17
1088,1088,saque,2740.49,2025-02-23
1089,1089,depósito,3449.21,2025-01-22
1090,1090,saque,2625.41,2025-04-13
1091,1091,depósito,4346.35,2025-03-05
1092,1092,depósito,1077.96,2025-01-02
1093,1093,depósito,2242.85,2025-03-18
1094,1094,transferência,4916.72,2025-03-03
1095,1095,saque,2462.83,2025-02-04
1096,1096,transferência,1271.57,2025-03-21
1097,1097,depósito,3472.07,2025-03-21
1098,1098,saque,1580.75,2025-01-05
1099,1099,transferência,1908.70,2025-01-06
1100,1100,transferência,4233.28,2025-01-07
1101,1101,depósito,4258.23,2025-02-18
1102,1102,saque,432.73,2025-01-27
1103,1103,depósito,1962.50,2025-03-21
1104,1104,saque,1882.48,2025-01-07
1105,1105,depósito,4586.31,2025-04-09
1106,1106,saque,1468.32,2025-02-26
1107,1107,depósito,4311.44,2025-04-12
1108,1108,saque,1619.05,2025-02-06
1109,1109,saque,3693.02,2025-03-15
1110,1110,depósito,2525.03,2025-04-13
1111,1111,saque,4593.37,2025-03-20
1112,1112,saque,3230.05,2025-04-27
1113,1113,saque,4539.91,2025-04-12
1114,1114,depósito,2743.73,2025-04-10
1115,1115,depósito,4318.47,2025-02-24
1116,1116,saque,2376.26,2025-03-05
1117,1117,transferência,2335.18,2025-02-13
1118,1118,depósito,4388.82,2025-04-22
1119,1119,depósito,2810.01,2025-05-01
1120,1120,depósito,621.34,2025-03-14
1121,1121,depósito,1851.20,2025-02-22
1122,1122,depósito,342.66,2025-03-22
1123,1123,saque,2518.20,2025-04-06
1124,1124,transferência,4483.87,2025-03-08
1125,1125,saque,4362.91,2025-05-04
1126,1126,transferência,1772.85,2025-02-12
1127,1127,depósito,2499.43,2025-03-06
1128,1128,transferência,1575.52,2025-01-12
1129,1129,saque,3792.57,2025-03-30
1130,1130,depósito,685.82,2025-01-25
1131,1131,transferência,761.02,2025-05-01
1132,1132,transferência,1591.80,2025-03-17
1133,1133,depósito,2512.46,2025-05-02
1134,1134,depósito,4288.30,2025-02-27
1135,1135,transferência,3758.53,2025-03-23
1136,1136,transferência,1549.62,2025-04-29
1137,1137,saque,2531.84,2025-03-16
1138,1138,saque,2153.81,2025-03-15
1139,1139,depósito,3532.03,2025-02-14
1140,1140,depósito,4690.40,2025-03-19
1141,1141,transferência,1664.18,2025-03-30
1142,1142,saque,2586.57,2025-02-05
1143,1143,saque,4489.54,2025-01-03
1144,1144,saque,4194.29,2025-03-13
1145,1145,saque,1881.88,2025-03-16
1146,1146,saque,748.75,2025-03-16
1147,1147,saque,1929.44,2025-03-07
1148,1148,transferência,3502.57,2025-01-09
1149,1149,transferência,3244.07,2025-01-30
1150,1150,depósito,1910.34,2025-03-05
1151,1151,transferência,4682.20,2025-04-08
1152,1152,depósito,2524.75,2025-03-09
1153,1153,depósito,3592.37,2025-02-28
1154,1154,transferência,1978.31,2025-03-03
1155,1155,transferência,4729.43,2025-01-04
1156,1156,saque,2061.69,2025-02-25
1157,1157,depósito,2208.98,2025-01-29
1158,1158,saque,2151.72,2025-04-21
1159,1159,transferência,1425.93,2025-01-04
1160,1160,saque,2472.80,2025-01-26
1161,1161,transferência,224.32,2025-04-30
1162,1162,saque,4184.45,2025-03-24
1163,1163,saque,1558.38,2025-05-05
1164,1164,saque,827.63,2025-05-04
1165,1165,depósito,2057.25,2025-01-27
1166,1166,depósito,4151.60,2025-02-25
1167,1167,transferência,1656.12,2025-03-06
1168,1168,saque,1508.12,2025-04-30
1169,1169,saque,1880.58,2025-03-08
1170,1170,depósito,4099.91,2025-01-17
1171,1171,transferência,2414.54,2025-01-31
1172,1172,transferência,1518.39,2025-04-26
1173,1173,depósito,1007.02,2025-04-14
1174,1174,saque,282.44,2025-04-08
1175,1175,depósito,3538.60,2025-03-10
1176,1176,depósito,2733.11,2025-05-02
1177,1177,depósito,4795.49,2025-03-22
1178,1178,transferência,1314.25,2025-02-27
1179,1179,saque,1464.85,2025-03-11
1180,1180,saque,1003.99,2025-05-04
1181,1181,transferência,3065.65,2025-01-28
1182,1182,saque,2194.31,2025-03-22
1183,1183,depósito,2325.99,2025-04-27
1184,1184,saque,521.62,2025-04-10
1185,1185,saque,408.56,2025-03-15
1186,1186,transferência,3449.87,2025-03-15
1187,1187,transferência,743.79,2025-02-25
1188,1188,saque,4338.79,2025-01-11
1189,1189,transferência,538.09,2025-04-26
1190,1190,saque,3990.81,2025-04-03
1191,1191,transferência,3886.88,2025-03-28
1192,1192,depósito,2798.60,2025-02-22
1193,1193,saque,4662.21,2025-03-20
1194,1194,transferência,1284.48,2025-01-26
1195,1195,depósito,4735.46,2025-04-19
1196,1196,saque,1226.79,2025-04-20
1197,1197,depósito,878.15,2025-01-27
1198,1198,transferência,2855.68,2025-01-06
1199,1199,saque,3887.03,2025-01-23
1200,1200,depósito,3166.96,2025-04-18
1201,1201,depósito,238.86,2025-02-14
1202,1202,transferência,4081.90,2025-04-04
1203,1203,depósito,1520.74,2025-04-16
1204,1204,transferência,1749.12,2025-04-21
1205,1205,saque,2771.65,2025-04-05
1206,1206,depósito,1980.10,2025-01-07
1207,1207,saque,4230.80,2025-03-25
1208,1208,transferência,1348.98,2025-03-03
1209,1209,saque,1245.45,2025-03-15
1210,1210,depósito,471.61,2025-02-03
1211,1211,transferência,3356.02,2025-04-09
1212,1212,transferência,1762.84,2025-01-12
1213,1213,depósito,1049.54,2025-03-19
1214,1214,saque,4773.21,2025-02-24
1215,1215,depósito,2125.43,2025-01-26
1216,1216,depósito,1563.55,2025-03-07
1217,1217,transferência,4641.08,2025-01-01
1218,1218,saque,2080.10,2025-01-03
1219,1219,saque,745.85,2025-02-24
1220,1220,depósito,3888.12,2025-03-30
1221,1221,transferência,3148.35,2025-01-18
1222,1222,depósito,4822.17,2025-03-26
1223,1223,depósito,1778.05,2025-04-09
1224,1224,transferência,3063.82,2025-02-12
1225,1225,depósito,1430.58,2025-01-28
1226,1226,saque,2133.17,2025-03-16
1227,1227,depósito,2430.13,2025-02-02
1228,1228,saque,2704.28,2025-04-15
1229,1229,saque,1690.91,2025-03-24
1230,1230,transferência,1469.46,2025-02-11
1231,1231,transferência,4072.70,2025-03-16
1232,1232,saque,4205.55,2025-03-02
1233,1233,transferência,3728.63,2025-01-11
1234,1234,transferência,2162.86,2025-02-08
1235,1235,saque,1607.95,2025-03-24
1236,1236,saque,505.75,2025-01-16
1237,1237,saque,3136.25,2025-01-01
1238,1238,saque,986.59,2025-04-13
1239,1239,transferência,479.74,2025-03-26
1240,1240,saque,2426.14,2025-01-05
1241,1241,depósito,4747.72,2025-04-05
1242,1242,transferência,2953.59,2025-01-30
1243,1243,depósito,1827.12,2025-02-16
1244,1244,transferência,4563.63,2025-02-22
1245,1245,saque,2763.79,2025-01-26
1246,1246,saque,1500.46,2025-02-20
1247,1247,transferência,2783.47,2025-04-14
1248,1248,depósito,2138.54,2025-02-23
1249,1249,saque,1523.43,2025-01-01
1250,1250,saque,2203.08,2025-02-01
1251,1251,saque,4925.16,2025-02-28
1252,1252,transferência,81.89,2025-03-26
1253,1253,depósito,1209.99,2025-01-11
1254,1254,transferência,2284.81,2025-01-12
1255,1255,saque,4407.03,2025-01-15
1256,1256,depósito,2707.20,2025-01-22
1257,1257,transferência,4077.71,2025-01-21
1258,1258,saque,4593.13,2025-01-11
1259,1259,saque,1071.93,2025-03-17
1260,1260,saque,4404.47,2025-03-16
1261,1261,saque,1860.73,2025-02-18
1262,1262,transferência,1703.02,2025-01-04
1263,1263,saque,4027.33,2025-03-26
1264,1264,depósito,3789.26,2025-01-01
1265,1265,depósito,2854.30,2025-03-03
1266,1266,saque,2775.43,2025-02-10
1267,1267,saque,2252.69,2025-03-23
1268,1268,depósito,205.52,2025-04-13
1269,1269,transferência,826.30,2025-01-04
1270,1270,transferência,1004.30,2025-04-18
1271,1271,depósito,2434.09,2025-01-23
1272,1272,saque,1115.14,2025-04-23
1273,1273,transferência,1557.84,2025-04-20
1274,1274,transferência,456.16,2025-03-26
1275,1275,depósito,3423.78,2025-02-21
1276,1276,depósito,3295.83,2025-01-25
1277,1277,depósito,430.26,2025-01-27
1278,1278,depósito,2410.95,2025-02-02
1279,1279,transferência,4347.02,2025-05-03
1280,1280,depósito,2524.41,2025-01-11
1281,1281,saque,3259.09,2025-02-23
1282,1282,transferência,1541.51,2025-02-27
1283,1283,depósito,4823.10,2025-02-16
1284,1284,transferência,4971.60,2025-01-01
1285,1285,transferência,4375.78,2025-03-18
1286,1286,depósito,997.26,2025-02-17
1287,1287,transferência,4530.12,2025-02-19
1288,1288,saque,667.36,2025-02-22
1289,1289,transferência,4227.83,2025-01-08
1290,1290,transferência,4381.76,2025-01-02
1291,1291,saque,1340.03,2025-02-21
1292,1292,depósito,957.90,2025-03-26
1293,1293,saque,3921.26,2025-03-04
1294,1294,depósito,895.98,2025-01-05
1295,1295,saque,182.51,2025-04-03
1296,1296,saque,1316.69,2025-04-25
1297,1297,transferência,1549.39,2025-01-26
1298,1298,depósito,2934.66,2025-04-01
1299,1299,saque,3041.07,2025-04-17
1300,1300,transferência,2346.06,2025-02-11
1301,1301,transferência,3976.49,2025-02-26
1302,1302,saque,1307.34,2025-03-30
1303,1303,saque,4591.86,2025-02-04
1304,1304,saque,244.00,2025-02-06
1305,1305,depósito,2962.60,2025-02-27
1306,1306,transferência,139.17,2025-03-27
1307,1307,transferência,3741.79,2025-04-06
1308,1308,depósito,3836.44,2025-02-01
1309,1309,saque,2853.56,2025-03-30
1310,1310,depósito,1033.20,2025-04-06
1311,1311,transferência,2668.86,2025-02-28
1312,1312,depósito,2258.56,2025-04-04
1313,1313,saque,2196.05,2025-02-05
1314,1314,transferência,1496.32,2025-02-14
1315,1315,transferência,4934.59,2025-01-22
1316,1316,depósito,3217.19,2025-02-24
1317,1317,saque,2618.35,2025-01-20
1318,1318,saque,4583.85,2025-02-27
1319,1319,transferência,116.47,2025-01-09
1320,1320,saque,3912.14,2025-04-18
1321,1321,transferência,1711.14,2025-04-01
1322,1322,depósito,1447.60,2025-05-04
1323,1323,saque,2338.99,2025-01-09
1324,1324,transferência,3348.37,2025-01-20
1325,1325,saque,4973.91,2025-03-16
1326,1326,transferência,1302.35,2025-02-06
1327,1327,saque,3363.75,2025-01-13
1328,1328,depósito,667.30,2025-01-02
1329,1329,saque,1501.98,2025-01-05
1330,1330,depósito,4820.78,2025-02-12
1331,1331,transferência,2222.17,2025-02-26
1332,1332,transferência,684.16,2025-05-02
1333,1333,transferência,1778.20,2025-04-15
1334,1334,saque,2496.54,2025-03-03
1335,1335,depósito,4772.28,2025-02-13
1336,1336,depósito,98.80,2025-03-10
1337,1337,depósito,1917.48,2025-02-13
1338,1338,transferência,4290.67,2025-01-23
1339,1339,transferência,2266.63,2025-02-09
1340,1340,transferência,1062.46,2025-03-17
1341,1341,saque,781.40,2025-02-10
1342,1342,saque,4444.62,2025-05-05
1343,1343,depósito,2521.83,2025-03-08
1344,1344,transferência,1197.51,2025-04-03
1345,1345,depósito,749.48,2025-01-07
1346,1346,depósito,4428.10,2025-01-21
1347,1347,depósito,3693.48,2025-03-22
1348,1348,transferência,1712.63,2025-02-24
1349,1349,depósito,135.82,2025-03-14
1350,1350,transferência,3500.77,2025-02-19
1351,1351,transferência,1725.77,2025-02-01
1352,1352,saque,1347.47,2025-02-02
1353,1353,saque,1629.02,2025-03-29
1354,1354,transferência,3668.43,2025-02-24
1355,1355,saque,2824.08,2025-05-04
1356,1356,depósito,2049.54,2025-04-13
1357,1357,depósito,1223.23,2025-03-03
1358,1358,depósito,4767.22,2025-01-30
1359,1359,depósito,1270.38,2025-02-15
1360,1360,transferência,3150.90,2025-02-10
1361,1361,transferência,2923.93,2025-01-23
1362,1362,transferência,1251.85,2025-04-26
1363,1363,saque,536.60,2025-03-17
1364,1364,transferência,413.46,2025-03-31
1365,1365,depósito,806.50,2025-03-13
1366,1366,depósito,388.13,2025-04-27
1367,1367,saque,1301.42,2025-04-26
1368,1368,depósito,2921.47,2025-04-12
1369,1369,saque,3145.33,2025-03-15
1370,1370,saque,503.08,2025-04-19
1371,1371,saque,2543.16,2025-03-24
1372,1372,depósito,2380.42,2025-02-07
1373,1373,depósito,4759.00,2025-01-11
1374,1374,depósito,3311.42,2025-04-16
1375,1375,transferência,3860.33,2025-03-27
1376,1376,transferência,4998.41,2025-04-29
1377,1377,transferência,4650.07,2025-03-13
1378,1378,depósito,189.83,2025-03-04
1379,1379,transferência,670.86,2025-01-07
1380,1380,saque,3803.33,2025-03-31
1381,1381,depósito,3504.86,2025-01-28
1382,1382,depósito,4832.80,2025-03-11
1383,1383,transferência,420.91,2025-03-12
1384,1384,saque,3778.16,2025-04-12
1385,1385,depósito,883.60,2025-02-04
1386,1386,saque,1058.04,2025-03-05
1387,1387,depósito,3137.60,2025-04-28
1388,1388,depósito,3733.53,2025-01-06
1389,1389,saque,1116.66,2025-01-28
1390,1390,depósito,3549.83,2025-01-01
1391,1391,saque,750.91,2025-02-26
1392,1392,depósito,4118.94,2025-02-07
1393,1393,transferência,689.38,2025-02-26
1394,1394,depósito,2334.28,2025-04-28
1395,1395,transferência,2682.36,2025-01-11
1396,1396,transferência,4599.54,2025-03-03
1397,1397,depósito,2202.37,2025-04-24
1398,1398,depósito,3453.44,2025-04-25
1399,1399,transferência,2295.02,2025-02-14
1400,1400,transferência,1256.73,2025-04-17
1401,1401,saque,2073.82,2025-03-15
1402,1402,transferência,303.96,2025-02-03
1403,1403,depósito,1845.35,2025-03-26
1404,1404,depósito,3633.02,2025-02-26
1405,1405,depósito,2470.81,2025-04-10
1406,1406,saque,1171.42,2025-03-21
1407,1407,transferência,3681.09,2025-01-05
1408,1408,transferência,3501.31,2025-04-23
1409,1409,depósito,1500.80,2025-04-17
1410,1410,transferência,2214.50,2025-03-09
1411,1411,saque,4846.04,2025-05-07
1412,1412,transferência,613.00,2025-01-11
1413,1413,depósito,3235.35,2025-04-25
1414,1414,transferência,3359.86,2025-03-25
1415,1415,transferência,4549.72,2025-03-12
1416,1416,saque,2990.30,2025-02-15
1417,1417,depósito,3859.99,2025-04-02
1418,1418,transferência,1819.14,2025-01-19
1419,1419,transferência,4318.59,2025-02-14
1420,1420,depósito,233.04,2025-01-31
1421,1421,depósito,814.22,2025-04-20
1422,1422,saque,1834.47,2025-02-17
1423,1423,depósito,1070.24,2025-01-08
1424,1424,saque,1798.07,2025-03-07
1425,1425,transferência,1860.23,2025-01-17
1426,1426,saque,4796.79,2025-03-19
1427,1427,saque,4338.92,2025-03-12
1428,1428,transferência,1387.22,2025-04-20
1429,1429,transferência,4023.03,2025-01-22
1430,1430,saque,2411.21,2025-03-09
1431,1431,depósito,3270.05,2025-01-26
1432,1432,depósito,1907.05,2025-01-23
1433,1433,transferência,4550.65,2025-03-20
1434,1434,transferência,3853.22,2025-02-08
1435,1435,saque,4156.77,2025-04-07
1436,1436,saque,1923.19,2025-02-10
1437,1437,transferência,4059.55,2025-01-16
1438,1438,depósito,4719.08,2025-02-22
1439,1439,transferência,4742.73,2025-01-22
1440,1440,saque,2472.53,2025-03-06
1441,1441,depósito,2386.18,2025-01-25
1442,1442,transferência,215.73,2025-02-05
1443,1443,transferência,246.08,2025-04-12
1444,1444,transferência,3102.72,2025-02-10
1445,1445,saque,1149.47,2025-02-21
1446,1446,depósito,3751.93,2025-02-08
1447,1447,depósito,323.31,2025-01-13
1448,1448,depósito,2514.79,2025-05-07
1449,1449,depósito,3197.41,2025-05-04
1450,1450,saque,1005.90,2025-03-08
1451,1451,saque,4564.67,2025-04-21
1452,1452,saque,2475.79,2025-04-11
1453,1453,transferência,520.64,2025-01-12
1454,1454,saque,2100.31,2025-04-23
1455,1455,depósito,2211.03,2025-01-15
1456,1456,transferência,3765.50,2025-02-13
1457,1457,depósito,2141.21,2025-04-20
1458,1458,saque,174.04,2025-04-12
1459,1459,transferência,901.08,2025-01-20
1460,1460,saque,2017.02,2025-04-01
1461,1461,transferência,1862.03,2025-03-08
1462,1462,transferência,1471.76,2025-03-04
1463,1463,saque,2157.61,2025-01-17
1464,1464,saque,3383.68,2025-03-01
1465,1465,depósito,522.02,2025-03-08
1466,1466,depósito,2537.34,2025-01-09
1467,1467,depósito,2119.98,2025-03-28
1468,1468,saque,3920.46,2025-04-12
1469,1469,saque,4375.58,2025-01-18
1470,1470,saque,1859.67,2025-03-14
1471,1471,transferência,4246.98,2025-04-24
1472,1472,saque,1944.83,2025-04-09
1473,1473,depósito,4327.19,2025-02-16
1474,1474,transferência,977.04,2025-03-02
1475,1475,depósito,3365.06,2025-01-28
1476,1476,transferência,1341.57,2025-01-13
1477,1477,depósito,971.74,2025-04-03
1478,1478,transferência,478.19,2025-05-03
1479,1479,saque,2791.30,2025-05-04
1480,1480,depósito,1088.37,2025-01-30
1481,1481,transferência,2448.64,2025-02-08
1482,1482,transferência,4760.62,2025-03-25
1483,1483,saque,1646.20,2025-02-05
1484,1484,depósito,4547.86,2025-03-26
1485,1485,saque,4204.53,2025-03-17
1486,1486,depósito,127.78,2025-01-10
1487,1487,transferência,2429.75,2025-01-29
1488,1488,depósito,1720.66,2025-02-17
1489,1489,saque,464.42,2025-03-18
1490,1490,transferência,3827.30,2025-01-21
1491,1491,transferência,1329.66,2025-05-03
1492,1492,saque,574.13,2025-01-27
1493,1493,transferência,1643.12,2025-02-12
1494,1494,depósito,4028.27,2025-02-02
1495,1495,depósito,387.17,2025-03-04
1496,1496,depósito,960.39,2025-02-09
1497,1497,transferência,1795.57,2025-03-09
1498,1498,saque,432.64,2025-01-18
1499,1499,saque,1270.03,2025-04-22
1500,1500,transferência,1798.39,2025-02-14
1501,1501,saque,607.11,2025-01-28
1502,1502,depósito,3344.20,2025-04-26
1503,1503,saque,223.06,2025-02-25
1504,1504,transferência,3307.77,2025-04-20
1505,1505,saque,3608.66,2025-03-28
1506,1506,saque,1005.69,2025-03-31
1507,1507,depósito,3773.43,2025-02-27
1508,1508,transferência,2306.74,2025-01-16
1509,1509,transferência,3339.71,2025-02-15
1510,1510,transferência,2139.50,2025-02-24
1511,1511,transferência,4421.69,2025-01-01
1512,1512,depósito,2862.56,2025-04-03
1513,1513,saque,4586.80,2025-04-25
1514,1514,saque,186.79,2025-04-09
1515,1515,transferência,2567.13,2025-04-05
1516,1516,depósito,2038.78,2025-04-20
1517,1517,depósito,1105.96,2025-02-17
1518,1518,depósito,207.85,2025-01-27
1519,1519,depósito,1665.79,2025-01-10
1520,1520,transferência,3128.66,2025-03-31
1521,1521,transferência,4713.72,2025-01-05
1522,1522,depósito,4696.53,2025-02-06
1523,1523,depósito,1812.51,2025-01-07
1524,1524,depósito,890.93,2025-03-25
1525,1525,depósito,922.14,2025-01-02
1526,1526,depósito,2681.05,2025-03-23
1527,1527,depósito,2532.35,2025-04-20
1528,1528,saque,1860.11,2025-03-24
1529,1529,depósito,2258.54,2025-02-26
1530,1530,saque,1325.36,2025-05-01
1531,1531,saque,1797.44,2025-01-22
1532,1532,transferência,1492.29,2025-05-06
1533,1533,saque,4388.40,2025-01-25
1534,1534,saque,1345.16,2025-03-04
1535,1535,transferência,3819.98,2025-03-25
1536,1536,saque,3955.64,2025-04-19
1537,1537,depósito,1468.88,2025-03-30
1538,1538,depósito,4953.94,2025-02-15
1539,1539,depósito,3252.60,2025-02-13
1540,1540,depósito,1397.01,2025-01-22
1541,1541,depósito,2079.33,2025-04-27
1542,1542,transferência,1390.84,2025-04-13
1543,1543,transferência,2705.19,2025-04-17
1544,1544,saque,1015.98,2025-01-17
1545,1545,transferência,1239.71,2025-04-13
1546,1546,saque,1010.62,2025-02-14
1547,1547,saque,2062.37,2025-05-03
1548,1548,transferência,134.28,2025-04-23
1549,1549,depósito,264.71,2025-03-14
1550,1550,depósito,4689.20,2025-01-09
1551,1551,saque,3265.68,2025-01-06
1552,1552,depósito,2413.37,2025-04-05
1553,1553,transferência,2402.46,2025-04-02
1554,1554,saque,2709.75,2025-04-18
1555,1555,depósito,2551.67,2025-02-07
1556,1556,transferência,4537.96,2025-01-04
1557,1557,depósito,2614.30,2025-04-29
1558,1558,saque,2748.31,2025-01-06
1559,1559,depósito,4128.32,2025-02-25
1560,1560,depósito,1997.53,2025-02-18
1561,1561,transferência,2699.72,2025-03-09
1562,1562,saque,3352.41,2025-05-02
1563,1563,transferência,2960.71,2025-01-03
1564,1564,depósito,666.08,2025-04-19
1565,1565,depósito,1093.79,2025-02-17
1566,1566,transferência,1022.26,2025-03-13
1567,1567,transferência,3702.21,2025-03-05
1568,1568,depósito,1669.10,2025-02-05
1569,1569,saque,904.17,2025-03-30
1570,1570,transferência,3405.62,2025-03-20
1571,1571,depósito,2224.89,2025-02-19
1572,1572,depósito,1866.28,2025-01-12
1573,1573,transferência,622.57,2025-05-04
1574,1574,transferência,4309.03,2025-01-01
1575,1575,depósito,1113.26,2025-02-04
1576,1576,saque,2806.01,2025-04-20
1577,1577,transferência,401.09,2025-01-24
1578,1578,transferência,3237.00,2025-02-10
1579,1579,saque,3332.01,2025-01-09
1580,1580,transferência,1615.19,2025-01-26
1581,1581,transferência,2475.36,2025-03-26
1582,1582,depósito,71.87,2025-04-08
1583,1583,transferência,421.06,2025-03-02
1584,1584,transferência,4727.42,2025-04-22
1585,1585,depósito,353.18,2025-01-22
1586,1586,depósito,2900.78,2025-03-29
1587,1587,depósito,458.36,2025-01-06
1588,1588,depósito,539.12,2025-05-01
1589,1589,saque,4277.74,2025-04-30
1590,1590,saque,1377.55,2025-01-12
1591,1591,depósito,939.20,2025-03-11
1592,1592,transferência,4326.28,2025-01-01
1593,1593,transferência,4712.89,2025-02-24
1594,1594,depósito,2173.30,2025-03-18
1595,1595,transferência,898.33,2025-04-11
1596,1596,transferência,4817.29,2025-01-10
1597,1597,saque,3757.92,2025-02-25
1598,1598,saque,3049.32,2025-03-06
1599,1599,depósito,4377.49,2025-01-23
1600,1600,saque,1592.52,2025-02-28
1601,1601,depósito,4855.54,2025-01-05
1602,1602,saque,1147.45,2025-03-13
1603,1603,saque,3790.83,2025-03-06
1604,1604,depósito,4174.32,2025-03-09
1605,1605,saque,999.82,2025-03-30
1606,1606,saque,3788.53,2025-04-26
1607,1607,saque,98.06,2025-04-13
1608,1608,saque,194.62,2025-03-11
1609,1609,depósito,3358.82,2025-04-23
1610,1610,saque,3215.74,2025-03-29
1611,1611,transferência,966.39,2025-01-07
1612,1612,depósito,88.90,2025-01-23
1613,1613,saque,2635.46,2025-02-11
1614,1614,saque,806.81,2025-04-30
1615,1615,saque,4887.23,2025-01-11
1616,1616,transferência,4694.77,2025-02-21
1617,1617,transferência,2474.86,2025-01-03
1618,1618,transferência,4255.14,2025-01-30
1619,1619,saque,2963.00,2025-03-03
1620,1620,saque,4743.07,2025-01-17
1621,1621,saque,2160.47,2025-01-28
1622,1622,transferência,2895.48,2025-01-12
1623,1623,saque,3709.07,2025-01-04
1624,1624,saque,3584.59,2025-02-02
1625,1625,depósito,1588.00,2025-01-04
1626,1626,depósito,4353.36,2025-01-15
1627,1627,depósito,552.39,2025-02-15
1628,1628,transferência,2412.72,2025-02-26
1629,1629,depósito,3918.01,2025-02-05
1630,1630,transferência,2932.76,2025-04-17
1631,1631,depósito,4537.91,2025-01-09
1632,1632,saque,2722.17,2025-05-06
1633,1633,transferência,803.62,2025-01-15
1634,1634,depósito,4515.43,2025-04-09
1635,1635,saque,3399.38,2025-03-09
1636,1636,saque,2026.98,2025-02-08
1637,1637,depósito,187.22,2025-02-14
1638,1638,saque,3515.84,2025-01-12
1639,1639,saque,4333.21,2025-04-28
1640,1640,saque,1524.82,2025-03-02
1641,1641,transferência,1098.00,2025-04-13
1642,1642,transferência,3266.50,2025-04-11
1643,1643,transferência,524.17,2025-04-26
1644,1644,saque,2986.52,2025-02-21
1645,1645,transferência,4448.05,2025-02-22
1646,1646,transferência,1340.64,2025-02-19
1647,1647,depósito,2442.30,2025-04-23
1648,1648,transferência,4090.14,2025-02-11
1649,1649,transferência,3580.06,2025-02-11
1650,1650,transferência,482.15,2025-01-31
1651,1651,transferência,1693.35,2025-04-09
1652,1652,saque,2600.91,2025-03-17
1653,1653,transferência,2278.08,2025-01-15
1654,1654,transferência,1753.28,2025-05-01
1655,1655,saque,710.05,2025-04-22
1656,1656,transferência,788.89,2025-01-06
1657,1657,saque,2254.32,2025-01-14
1658,1658,transferência,1768.05,2025-04-20
1659,1659,depósito,720.31,2025-03-27
1660,1660,saque,515.03,2025-02-09
1661,1661,depósito,1393.36,2025-04-29
1662,1662,saque,1885.38,2025-03-18
1663,1663,transferência,4342.58,2025-02-06
1664,1664,depósito,2031.48,2025-04-20
1665,1665,transferência,4185.04,2025-04-28
1666,1666,saque,405.24,2025-03-29
1667,1667,depósito,790.54,2025-05-02
1668,1668,saque,3708.65,2025-03-29
1669,1669,transferência,2656.98,2025-05-03
1670,1670,saque,2269.63,2025-01-12
1671,1671,saque,3059.10,2025-04-26
1672,1672,transferência,3584.07,2025-03-25
1673,1673,saque,74.29,2025-05-07
1674,1674,depósito,360.30,2025-03-05
1675,1675,transferência,2812.63,2025-03-10
1676,1676,saque,2561.12,2025-01-05
1677,1677,depósito,3193.14,2025-03-31
1678,1678,saque,3160.27,2025-02-20
1679,1679,depósito,4574.90,2025-01-04
1680,1680,saque,3724.20,2025-02-05
1681,1681,saque,1523.20,2025-04-17
1682,1682,transferência,2855.94,2025-02-04
1683,1683,saque,1417.28,2025-01-18
1684,1684,depósito,4524.54,2025-04-13
1685,1685,saque,1660.69,2025-05-04
1686,1686,depósito,471.43,2025-02-17
1687,1687,saque,1613.48,2025-04-10
1688,1688,saque,2735.44,2025-02-09
1689,1689,depósito,4829.15,2025-02-02
1690,1690,transferência,684.46,2025-03-26
1691,1691,saque,900.16,2025-03-12
1692,1692,depósito,1808.19,2025-02-13
1693,1693,depósito,1917.95,2025-02-18
1694,1694,depósito,3820.83,2025-01-01
1695,1695,depósito,868.87,2025-04-10
1696,1696,saque,1225.37,2025-03-23
1697,1697,saque,2971.18,2025-03-14
1698,1698,transferência,4935.46,2025-03-07
1699,1699,saque,2269.66,2025-03-31
1700,1700,saque,3852.06,2025-01-01
1701,1701,transferência,1749.35,2025-02-17
1702,1702,saque,279.37,2025-02-05
1703,1703,transferência,1236.66,2025-04-01
1704,1704,transferência,730.35,2025-01-27
1705,1705,depósito,3256.91,2025-04-23
1706,1706,depósito,2962.79,2025-03-02
1707,1707,saque,4695.75,2025-02-18
1708,1708,saque,4239.07,2025-01-19
1709,1709,saque,4327.64,2025-02-07
1710,1710,depósito,1619.11,2025-03-03
1711,1711,transferência,692.63,2025-02-10
1712,1712,depósito,3109.60,2025-03-19
1713,1713,saque,4858.69,2025-04-03
1714,1714,saque,4397.45,2025-04-14
1715,1715,transferência,2068.73,2025-02-26
1716,1716,saque,1579.36,2025-03-16
1717,1717,saque,1308.98,2025-04-25
1718,1718,transferência,3314.34,2025-02-27
1719,1719,transferência,2511.81,2025-04-10
1720,1720,saque,1481.72,2025-02-24
1721,1721,transferência,2571.70,2025-04-16
1722,1722,saque,581.40,2025-03-22
1723,1723,depósito,1337.62,2025-04-16
1724,1724,transferência,3705.93,2025-02-07
1725,1725,saque,1404.61,2025-04-17
1726,1726,depósito,4922.79,2025-02-18
1727,1727,depósito,3151.70,2025-04-05
1728,1728,depósito,1608.30,2025-04-29
1729,1729,depósito,1882.28,2025-02-04
1730,1730,saque,3688.63,2025-03-11
1731,1731,saque,3764.19,2025-04-19
1732,1732,depósito,4804.61,2025-01-28
1733,1733,transferência,92.31,2025-03-30
1734,1734,depósito,3849.59,2025-01-21
1735,1735,depósito,776.52,2025-03-20
1736,1736,depósito,3297.10,2025-04-16
1737,1737,transferência,259.07,2025-02-22
1738,1738,saque,1063.61,2025-03-14
1739,1739,transferência,540.37,2025-01-22
1740,1740,depósito,3056.71,2025-03-06
1741,1741,saque,1836.69,2025-04-14
1742,1742,saque,3327.30,2025-04-22
1743,1743,transferência,3744.29,2025-01-11
1744,1744,depósito,2397.47,2025-04-29
1745,1745,transferência,3769.32,2025-01-03
1746,1746,depósito,3540.16,2025-04-14
1747,1747,saque,2294.14,2025-03-31
1748,1748,saque,426.26,2025-03-05
1749,1749,depósito,693.60,2025-01-18
1750,1750,transferência,3220.19,2025-01-10
1751,1751,saque,94.65,2025-03-19
1752,1752,saque,750.79,2025-04-25
1753,1753,saque,213.39,2025-02-27
1754,1754,transferência,1274.61,2025-04-23
1755,1755,saque,3017.44,2025-02-09
1756,1756,depósito,3111.10,2025-03-25
1757,1757,depósito,366.19,2025-03-30
1758,1758,saque,1779.71,2025-03-18
1759,1759,depósito,1231.21,2025-04-19
1760,1760,depósito,4939.74,2025-03-24
1761,1761,saque,3111.32,2025-03-07
1762,1762,transferência,4148.03,2025-03-26
1763,1763,depósito,1088.48,2025-04-07
1764,1764,saque,4872.86,2025-02-14
1765,1765,depósito,983.51,2025-03-15
1766,1766,depósito,2694.65,2025-04-19
1767,1767,depósito,4364.63,2025-01-19
1768,1768,saque,390.21,2025-02-04
1769,1769,depósito,1538.72,2025-02-16
1770,1770,saque,898.21,2025-04-28
1771,1771,saque,1628.79,2025-03-24
1772,1772,transferência,4982.26,2025-03-23
1773,1773,depósito,4338.73,2025-02-07
1774,1774,transferência,3489.12,2025-05-01
1775,1775,depósito,3894.56,2025-03-04
1776,1776,saque,3020.75,2025-04-15
1777,1777,depósito,497.23,2025-04-19
1778,1778,saque,3501.04,2025-04-07
1779,1779,depósito,3828.54,2025-02-28
1780,1780,depósito,3652.97,2025-02-05
1781,1781,transferência,4678.85,2025-03-30
1782,1782,saque,292.86,2025-02-10
1783,1783,transferência,4931.52,2025-04-16
1784,1784,transferência,2967.78,2025-01-16
1785,1785,transferência,4148.81,2025-04-05
1786,1786,depósito,4115.98,2025-04-10
1787,1787,depósito,4666.42,2025-03-13
1788,1788,transferência,2267.73,2025-02-26
1789,1789,transferência,1144.53,2025-03-24
1790,1790,depósito,2412.45,2025-01-18
1791,1791,transferência,202.37,2025-01-30
1792,1792,saque,1855.10,2025-02-12
1793,1793,depósito,4869.68,2025-01-23
1794,1794,transferência,2236.76,2025-04-01
1795,1795,saque,3014.26,2025-03-03
1796,1796,transferência,254.87,2025-02-20
1797,1797,transferência,1251.93,2025-02-04
1798,1798,transferência,672.56,2025-03-12
1799,1799,transferência,4145.15,2025-04-06
1800,1800,transferência,311.37,2025-04-25
1801,1801,transferência,306.41,2025-03-13
1802,1802,transferência,380.46,2025-02-10
1803,1803,saque,2118.85,2025-04-24
1804,1804,transferência,3402.45,2025-01-29
1805,1805,depósito,2543.41,2025-03-30
1806,1806,depósito,4893.45,2025-03-14
1807,1807,transferência,4656.92,2025-04-02
1808,1808,saque,4816.29,2025-02-02
1809,1809,depósito,1021.58,2025-03-05
1810,1810,transferência,3879.38,2025-01-14
1811,1811,depósito,1738.50,2025-03-11
1812,1812,depósito,2597.96,2025-01-29
1813,1813,depósito,225.93,2025-05-01
1814,1814,saque,3391.83,2025-01-25
1815,1815,depósito,3119.33,2025-02-11
1816,1816,transferência,4399.36,2025-05-07
1817,1817,depósito,2076.68,2025-02-08
1818,1818,transferência,3830.13,2025-05-06
1819,1819,depósito,2021.55,2025-04-30
1820,1820,saque,3613.75,2025-02-08
1821,1821,transferência,4426.94,2025-03-04
1822,1822,saque,4544.01,2025-04-28
1823,1823,depósito,3880.43,2025-01-14
1824,1824,saque,3644.11,2025-05-01
1825,1825,saque,3300.97,2025-01-02
1826,1826,transferência,1023.94,2025-04-01
1827,1827,depósito,1272.81,2025-03-28
1828,1828,transferência,224.47,2025-01-18
1829,1829,saque,3568.12,2025-05-06
1830,1830,depósito,4145.97,2025-01-20
1831,1831,depósito,4531.66,2025-01-28
1832,1832,transferência,4675.53,2025-03-23
1833,1833,transferência,2571.37,2025-01-09
1834,1834,saque,1904.12,2025-04-26
1835,1835,transferência,3805.22,2025-02-17
1836,1836,transferência,1984.46,2025-02-17
1837,1837,depósito,2970.77,2025-02-02
1838,1838,saque,1160.29,2025-04-05
1839,1839,saque,4917.95,2025-03-06
1840,1840,depósito,2746.36,2025-02-13
1841,1841,transferência,2380.38,2025-02-02
1842,1842,saque,479.00,2025-05-02
1843,1843,depósito,3162.18,2025-02-04
1844,1844,transferência,3719.08,2025-01-08
1845,1845,saque,2165.81,2025-01-31
1846,1846,depósito,4944.07,2025-03-03
1847,1847,depósito,4081.34,2025-03-02
1848,1848,saque,648.58,2025-03-11
1849,1849,saque,2956.30,2025-04-29
1850,1850,saque,422.53,2025-03-22
1851,1851,saque,4755.02,2025-01-19
1852,1852,depósito,2381.11,2025-01-27
1853,1853,depósito,4429.49,2025-03-05
1854,1854,saque,2899.79,2025-04-17
1855,1855,depósito,3520.45,2025-04-21
1856,1856,saque,4366.59,2025-01-05
1857,1857,transferência,1900.57,2025-04-27
1858,1858,transferência,3271.68,2025-01-31
1859,1859,depósito,4456.43,2025-02-01
1860,1860,saque,1429.36,2025-05-02
1861,1861,saque,1247.31,2025-01-10
1862,1862,transferência,2679.92,2025-01-26
1863,1863,saque,4344.41,2025-02-10
1864,1864,transferência,4738.35,2025-01-16
1865,1865,depósito,1272.38,2025-04-28
1866,1866,depósito,1685.62,2025-04-10
1867,1867,saque,3535.39,2025-03-11
1868,1868,depósito,3558.48,2025-04-20
1869,1869,depósito,2116.58,2025-03-12
1870,1870,depósito,3116.48,2025-03-12
1871,1871,saque,1306.28,2025-03-16
1872,1872,transferência,1334.44,2025-04-24
1873,1873,depósito,2600.40,2025-04-02
1874,1874,depósito,842.11,2025-01-23
1875,1875,transferência,1246.73,2025-04-28
1876,1876,saque,789.43,2025-01-13
1877,1877,saque,669.74,2025-01-30
1878,1878,depósito,54.65,2025-02-24
1879,1879,saque,285.71,2025-03-11
1880,1880,saque,4888.08,2025-05-03
1881,1881,depósito,2666.56,2025-04-30
1882,1882,transferência,3972.65,2025-01-10
1883,1883,depósito,4439.23,2025-01-07
1884,1884,depósito,1663.82,2025-02-10
1885,1885,saque,125.54,2025-01-21
1886,1886,depósito,1212.46,2025-01-31
1887,1887,transferência,4100.28,2025-02-25
1888,1888,transferência,1705.89,2025-01-17
1889,1889,transferência,4590.33,2025-03-22
1890,1890,depósito,3920.49,2025-03-17
1891,1891,saque,3235.60,2025-03-19
1892,1892,depósito,1636.44,2025-02-09
1893,1893,saque,2155.22,2025-04-24
1894,1894,saque,3454.47,2025-01-29
1895,1895,depósito,2317.56,2025-02-26
1896,1896,depósito,1658.11,2025-03-02
1897,1897,depósito,2702.06,2025-04-06
1898,1898,depósito,4506.97,2025-03-09
1899,1899,saque,1742.39,2025-03-02
1900,1900,transferência,3360.20,2025-02-25
1901,1901,transferência,2692.13,2025-01-17
1902,1902,transferência,2231.20,2025-03-27
1903,1903,transferência,4241.71,2025-01-02
1904,1904,saque,937.37,2025-04-29
1905,1905,transferência,3401.78,2025-01-13
1906,1906,depósito,2790.04,2025-03-07
1907,1907,saque,2725.63,2025-02-05
1908,1908,depósito,2625.96,2025-04-03
1909,1909,transferência,216.20,2025-04-03
1910,1910,transferência,1485.30,2025-01-07
1911,1911,transferência,2128.61,2025-05-05
1912,1912,saque,2732.14,2025-04-07
1913,1913,depósito,3210.86,2025-03-21
1914,1914,depósito,4753.82,2025-03-31
1915,1915,saque,2910.03,2025-02-06
1916,1916,depósito,3475.04,2025-02-24
1917,1917,saque,3322.55,2025-03-05
1918,1918,transferência,147.52,2025-01-10
1919,1919,transferência,625.44,2025-02-12
1920,1920,depósito,349.75,2025-03-23
1921,1921,transferência,3402.69,2025-02-19
1922,1922,saque,3895.10,2025-01-09
1923,1923,depósito,458.13,2025-03-17
1924,1924,depósito,4972.51,2025-03-02
1925,1925,transferência,2966.62,2025-04-09
1926,1926,depósito,2661.82,2025-02-26
1927,1927,depósito,2208.29,2025-02-24
1928,1928,saque,4130.81,2025-01-07
1929,1929,transferência,3262.08,2025-03-14
1930,1930,depósito,2301.95,2025-01-30
1931,1931,transferência,3768.94,2025-04-17
1932,1932,transferência,3968.35,2025-01-04
1933,1933,transferência,3126.94,2025-02-16
1934,1934,saque,562.03,2025-03-04
1935,1935,depósito,3875.15,2025-02-15
1936,1936,depósito,375.82,2025-04-07
1937,1937,transferência,1475.90,2025-03-29
1938,1938,depósito,629.54,2025-01-07
1939,1939,saque,3066.83,2025-01-27
1940,1940,transferência,703.44,2025-04-13
1941,1941,saque,4324.01,2025-02-15
1942,1942,saque,2756.11,2025-02-23
1943,1943,saque,2466.95,2025-02-26
1944,1944,transferência,1544.54,2025-01-19
1945,1945,transferência,2695.83,2025-04-13
1946,1946,depósito,307.48,2025-03-04
1947,1947,transferência,3450.29,2025-05-06
1948,1948,depósito,510.68,2025-02-12
1949,1949,depósito,1002.32,2025-05-06
1950,1950,depósito,2100.07,2025-03-07
1951,1951,transferência,4466.55,2025-02-13
1952,1952,transferência,2934.55,2025-02-16
1953,1953,depósito,1554.25,2025-02-02
1954,1954,saque,1721.17,2025-04-10
1955,1955,transferência,83.41,2025-04-29
1956,1956,depósito,1646.27,2025-03-19
1957,1957,saque,3783.29,2025-01-24
1958,1958,depósito,4436.07,2025-04-18
1959,1959,transferência,2039.10,2025-03-17
1960,1960,depósito,1867.93,2025-01-17
1961,1961,transferência,2771.82,2025-04-03
1962,1962,transferência,4912.84,2025-04-19
1963,1963,saque,458.34,2025-03-11
1964,1964,transferência,3276.64,2025-03-18
1965,1965,transferência,372.50,2025-02-03
1966,1966,saque,4432.21,2025-01-22
1967,1967,saque,4635.01,2025-03-18
1968,1968,transferência,1670.05,2025-04-13
1969,1969,depósito,2259.11,2025-02-22
1970,1970,depósito,457.03,2025-05-03
1971,1971,transferência,3005.48,2025-02-15
1972,1972,saque,3091.22,2025-05-01
1973,1973,depósito,4766.13,2025-04-06
1974,1974,depósito,1700.03,2025-04-21
1975,1975,saque,1139.72,2025-02-08
1976,1976,transferência,3447.72,2025-04-28
1977,1977,transferência,4232.81,2025-02-03
1978,1978,transferência,3656.27,2025-03-26
1979,1979,saque,1368.03,2025-04-12
1980,1980,saque,744.42,2025-02-12
1981,1981,depósito,2646.52,2025-03-23
1982,1982,transferência,267.62,2025-04-01
1983,1983,saque,3853.96,2025-02-17
1984,1984,depósito,361.58,2025-04-18
1985,1985,transferência,4084.15,2025-04-10
1986,1986,depósito,1839.34,2025-01-10
1987,1987,depósito,901.34,2025-03-31
1988,1988,transferência,4094.78,2025-01-26
1989,1989,depósito,1829.97,2025-01-26
1990,1990,saque,1651.76,2025-04-10
1991,1991,depósito,782.00,2025-03-03
1992,1992,saque,1216.75,2025-03-30
1993,1993,depósito,1041.39,2025-01-02
1994,1994,depósito,1796.85,2025-01-08
1995,1995,depósito,2611.68,2025-04-01
1996,1996,depósito,3623.16,2025-03-16
1997,1997,saque,1597.21,2025-01-04
1998,1998,saque,3745.60,2025-01-17
1999,1999,saque,4279.22,2025-01-20
2000,2000,transferência,2000.39,2025-03-31
