pagamento_id,cliente_id,valor,data_pagamento
1,1,207.23,2025-04-21
2,2,285.00,2025-03-28
3,3,125.63,2025-03-03
4,4,807.89,2025-01-30
5,5,185.46,2025-04-16
6,6,190.76,2025-02-20
7,7,837.80,2025-01-18
8,8,109.32,2025-03-30
9,9,194.57,2025-03-26
10,10,432.95,2025-02-02
11,11,428.06,2025-01-23
12,12,242.37,2025-02-02
13,13,396.67,2025-03-06
14,14,950.88,2025-01-20
15,15,553.17,2025-01-24
16,16,977.06,2025-04-22
17,17,67.50,2025-05-03
18,18,663.68,2025-02-05
19,19,88.93,2025-03-20
20,20,80.96,2025-05-03
21,21,953.24,2025-03-08
22,22,686.88,2025-03-17
23,23,767.26,2025-01-04
24,24,408.28,2025-04-17
25,25,325.49,2025-04-14
26,26,389.44,2025-02-01
27,27,884.38,2025-03-04
28,28,130.60,2025-03-01
29,29,437.13,2025-03-12
30,30,984.47,2025-03-22
31,31,827.06,2025-02-11
32,32,942.70,2025-04-07
33,33,748.92,2025-03-30
34,34,954.84,2025-05-01
35,35,660.82,2025-01-13
36,36,82.79,2025-02-06
37,37,784.03,2025-04-19
38,38,745.98,2025-02-09
39,39,237.08,2025-04-21
40,40,533.30,2025-01-03
41,41,982.82,2025-01-02
42,42,98.23,2025-05-05
43,43,463.46,2025-04-26
44,44,538.21,2025-04-05
45,45,62.71,2025-03-01
46,46,859.74,2025-03-27
47,47,61.34,2025-04-24
48,48,390.66,2025-05-07
49,49,774.51,2025-02-06
50,50,833.72,2025-04-03
51,51,968.17,2025-03-29
52,52,918.47,2025-01-13
53,53,865.56,2025-01-18
54,54,662.00,2025-03-15
55,55,682.77,2025-02-27
56,56,728.14,2025-03-27
57,57,745.57,2025-01-18
58,58,941.63,2025-02-16
59,59,505.75,2025-02-16
60,60,488.85,2025-01-20
61,61,136.14,2025-03-31
62,62,238.61,2025-02-03
63,63,893.78,2025-01-09
64,64,963.87,2025-01-09
65,65,548.35,2025-02-15
66,66,84.14,2025-04-20
67,67,324.99,2025-01-19
68,68,319.46,2025-01-13
69,69,486.42,2025-02-16
70,70,881.17,2025-04-03
71,71,291.66,2025-04-25
72,72,800.67,2025-01-24
73,73,130.73,2025-05-05
74,74,807.78,2025-04-06
75,75,820.11,2025-04-12
76,76,790.50,2025-03-24
77,77,113.86,2025-02-21
78,78,305.88,2025-04-23
79,79,103.12,2025-02-03
80,80,667.27,2025-02-21
81,81,127.51,2025-01-31
82,82,951.98,2025-03-15
83,83,944.86,2025-03-26
84,84,461.77,2025-02-19
85,85,109.43,2025-02-23
86,86,289.97,2025-03-15
87,87,415.52,2025-03-05
88,88,200.35,2025-04-30
89,89,569.07,2025-01-07
90,90,747.97,2025-03-24
91,91,536.71,2025-01-31
92,92,119.43,2025-05-01
93,93,376.61,2025-03-03
94,94,388.90,2025-03-22
95,95,958.04,2025-03-27
96,96,286.16,2025-02-19
97,97,351.21,2025-01-16
98,98,314.21,2025-02-16
99,99,787.81,2025-03-09
100,100,157.34,2025-04-18
101,101,418.47,2025-02-22
102,102,505.68,2025-05-07
103,103,677.84,2025-01-13
104,104,598.65,2025-02-04
105,105,639.51,2025-04-11
106,106,156.70,2025-02-25
107,107,607.05,2025-03-06
108,108,215.11,2025-03-19
109,109,37.84,2025-04-12
110,110,607.29,2025-01-10
111,111,717.84,2025-03-25
112,112,344.13,2025-01-22
113,113,38.90,2025-02-21
114,114,922.03,2025-01-04
115,115,453.95,2025-04-21
116,116,201.04,2025-01-19
117,117,997.74,2025-04-10
118,118,296.36,2025-01-24
119,119,193.71,2025-01-06
120,120,804.38,2025-01-09
121,121,605.21,2025-05-03
122,122,524.44,2025-03-22
123,123,925.02,2025-03-11
124,124,341.90,2025-02-07
125,125,903.70,2025-05-03
126,126,893.34,2025-03-27
127,127,322.13,2025-02-01
128,128,370.53,2025-01-26
129,129,452.40,2025-02-13
130,130,680.64,2025-01-28
131,131,160.70,2025-02-12
132,132,842.04,2025-01-24
133,133,706.68,2025-01-16
134,134,40.91,2025-02-22
135,135,990.32,2025-04-24
136,136,327.71,2025-04-15
137,137,154.19,2025-04-09
138,138,110.01,2025-01-17
139,139,86.88,2025-03-02
140,140,631.88,2025-01-05
141,141,250.32,2025-02-21
142,142,449.60,2025-03-07
143,143,225.11,2025-03-27
144,144,630.40,2025-02-06
145,145,937.62,2025-01-31
146,146,961.61,2025-03-03
147,147,338.77,2025-02-18
148,148,274.99,2025-02-06
149,149,142.49,2025-03-29
150,150,904.47,2025-01-12
151,151,824.80,2025-04-12
152,152,88.10,2025-04-29
153,153,634.89,2025-02-15
154,154,217.69,2025-01-22
155,155,470.46,2025-05-01
156,156,861.00,2025-02-03
157,157,303.82,2025-01-17
158,158,753.36,2025-04-30
159,159,847.82,2025-01-19
160,160,709.37,2025-03-12
161,161,997.11,2025-04-07
162,162,112.23,2025-01-14
163,163,23.24,2025-03-23
164,164,877.84,2025-03-03
165,165,648.92,2025-01-21
166,166,59.81,2025-02-02
167,167,474.74,2025-01-09
168,168,777.60,2025-01-07
169,169,973.87,2025-04-10
170,170,314.23,2025-04-08
171,171,155.30,2025-04-20
172,172,963.80,2025-02-28
173,173,109.71,2025-03-14
174,174,798.21,2025-01-14
175,175,688.19,2025-02-13
176,176,273.89,2025-02-27
177,177,658.16,2025-01-07
178,178,129.66,2025-03-24
179,179,290.22,2025-02-19
180,180,125.56,2025-04-09
181,181,754.97,2025-02-15
182,182,760.25,2025-03-12
183,183,220.79,2025-01-04
184,184,888.55,2025-03-02
185,185,457.94,2025-02-15
186,186,638.13,2025-02-01
187,187,47.97,2025-02-15
188,188,849.77,2025-01-17
189,189,894.13,2025-03-12
190,190,120.97,2025-03-06
191,191,803.94,2025-04-12
192,192,592.56,2025-03-20
193,193,733.37,2025-03-19
194,194,557.15,2025-04-06
195,195,68.79,2025-03-20
196,196,298.58,2025-04-30
197,197,184.26,2025-01-04
198,198,27.58,2025-03-03
199,199,20.27,2025-01-29
200,200,45.92,2025-03-19
201,201,251.74,2025-02-03
202,202,962.44,2025-02-22
203,203,574.42,2025-02-15
204,204,593.64,2025-01-26
205,205,505.45,2025-01-20
206,206,812.56,2025-01-20
207,207,899.24,2025-04-02
208,208,138.63,2025-02-08
209,209,877.81,2025-02-19
210,210,403.33,2025-02-13
211,211,928.76,2025-04-16
212,212,235.26,2025-01-19
213,213,626.51,2025-02-10
214,214,742.89,2025-03-30
215,215,172.38,2025-02-20
216,216,565.30,2025-01-06
217,217,276.23,2025-01-06
218,218,560.91,2025-01-12
219,219,570.92,2025-03-20
220,220,967.23,2025-02-01
221,221,62.95,2025-04-16
222,222,739.61,2025-01-26
223,223,940.00,2025-04-27
224,224,575.15,2025-02-05
225,225,36.58,2025-03-07
226,226,370.57,2025-03-25
227,227,971.00,2025-01-09
228,228,932.54,2025-04-21
229,229,449.35,2025-04-16
230,230,679.54,2025-04-24
231,231,403.73,2025-04-25
232,232,886.70,2025-01-11
233,233,210.67,2025-04-12
234,234,288.38,2025-04-14
235,235,303.39,2025-02-21
236,236,22.28,2025-01-06
237,237,721.70,2025-03-07
238,238,801.35,2025-03-28
239,239,279.30,2025-04-12
240,240,953.45,2025-01-25
241,241,130.75,2025-01-17
242,242,851.33,2025-01-31
243,243,254.62,2025-04-13
244,244,38.98,2025-04-12
245,245,52.18,2025-01-17
246,246,164.65,2025-03-27
247,247,878.81,2025-03-05
248,248,293.60,2025-02-25
249,249,652.26,2025-01-15
250,250,576.41,2025-02-11
251,251,591.87,2025-02-21
252,252,951.26,2025-01-22
253,253,445.55,2025-04-04
254,254,318.91,2025-02-04
255,255,113.71,2025-02-17
256,256,867.52,2025-04-28
257,257,42.62,2025-04-09
258,258,379.24,2025-03-09
259,259,708.06,2025-03-17
260,260,142.89,2025-01-15
261,261,100.43,2025-01-12
262,262,732.95,2025-01-21
263,263,695.73,2025-03-08
264,264,677.07,2025-01-25
265,265,833.18,2025-03-19
266,266,875.92,2025-02-05
267,267,733.19,2025-04-12
268,268,346.72,2025-03-03
269,269,840.06,2025-02-08
270,270,734.28,2025-03-05
271,271,214.26,2025-03-09
272,272,841.56,2025-01-16
273,273,294.25,2025-02-16
274,274,761.66,2025-04-18
275,275,132.85,2025-03-08
276,276,753.49,2025-02-27
277,277,958.69,2025-03-10
278,278,851.96,2025-04-16
279,279,218.55,2025-04-02
280,280,879.55,2025-02-11
281,281,319.65,2025-02-22
282,282,375.49,2025-03-02
283,283,184.11,2025-01-17
284,284,32.37,2025-01-20
285,285,540.59,2025-04-07
286,286,397.90,2025-02-20
287,287,947.61,2025-04-22
288,288,362.97,2025-02-28
289,289,714.78,2025-05-01
290,290,408.31,2025-02-14
291,291,269.99,2025-03-08
292,292,715.40,2025-01-04
293,293,873.33,2025-03-18
294,294,203.12,2025-05-05
295,295,252.24,2025-03-24
296,296,523.14,2025-03-28
297,297,648.08,2025-04-25
298,298,772.17,2025-02-03
299,299,370.12,2025-02-15
300,300,730.44,2025-01-05
301,301,86.11,2025-02-26
302,302,220.76,2025-03-18
303,303,474.46,2025-01-07
304,304,502.40,2025-02-05
305,305,724.21,2025-02-21
306,306,611.31,2025-01-30
307,307,851.66,2025-02-05
308,308,691.51,2025-03-13
309,309,771.35,2025-03-01
310,310,586.67,2025-02-22
311,311,764.05,2025-02-16
312,312,961.48,2025-02-03
313,313,930.99,2025-04-25
314,314,555.40,2025-01-15
315,315,739.29,2025-04-18
316,316,698.55,2025-02-17
317,317,379.45,2025-05-01
318,318,183.15,2025-03-31
319,319,303.88,2025-01-15
320,320,589.07,2025-01-23
321,321,841.11,2025-03-10
322,322,370.31,2025-03-07
323,323,917.56,2025-01-15
324,324,711.65,2025-02-27
325,325,731.74,2025-03-25
326,326,784.97,2025-03-23
327,327,661.31,2025-03-10
328,328,797.26,2025-03-16
329,329,462.09,2025-04-01
330,330,69.62,2025-03-31
331,331,537.84,2025-03-15
332,332,610.94,2025-02-16
333,333,302.39,2025-01-05
334,334,591.05,2025-02-11
335,335,243.59,2025-03-12
336,336,33.72,2025-01-03
337,337,437.26,2025-01-16
338,338,586.80,2025-04-28
339,339,938.52,2025-01-28
340,340,520.62,2025-01-31
341,341,542.78,2025-02-23
342,342,68.01,2025-01-23
343,343,913.33,2025-01-24
344,344,766.02,2025-04-24
345,345,288.31,2025-05-04
346,346,264.78,2025-04-29
347,347,865.79,2025-01-15
348,348,802.57,2025-03-31
349,349,123.31,2025-04-25
350,350,487.96,2025-01-20
351,351,418.70,2025-02-16
352,352,723.95,2025-03-18
353,353,206.04,2025-04-15
354,354,670.65,2025-03-16
355,355,361.61,2025-03-25
356,356,409.02,2025-03-26
357,357,222.95,2025-03-04
358,358,583.82,2025-04-16
359,359,511.90,2025-01-29
360,360,918.37,2025-03-20
361,361,950.68,2025-04-28
362,362,256.05,2025-02-06
363,363,745.21,2025-03-27
364,364,20.26,2025-03-28
365,365,787.32,2025-04-04
366,366,576.29,2025-02-07
367,367,107.63,2025-04-01
368,368,401.39,2025-02-08
369,369,407.04,2025-01-22
370,370,346.31,2025-04-02
371,371,448.35,2025-05-03
372,372,903.11,2025-01-01
373,373,542.43,2025-03-22
374,374,853.71,2025-01-20
375,375,316.80,2025-01-05
376,376,774.46,2025-03-31
377,377,170.10,2025-01-25
378,378,83.91,2025-04-03
379,379,504.77,2025-01-17
380,380,450.47,2025-03-22
381,381,249.40,2025-02-05
382,382,315.30,2025-04-30
383,383,245.27,2025-03-24
384,384,50.66,2025-03-06
385,385,411.25,2025-04-01
386,386,102.95,2025-02-05
387,387,921.55,2025-04-18
388,388,563.31,2025-03-16
389,389,936.60,2025-02-16
390,390,689.27,2025-02-21
391,391,833.23,2025-04-07
392,392,863.07,2025-02-06
393,393,964.17,2025-04-15
394,394,120.52,2025-04-21
395,395,281.22,2025-04-23
396,396,768.15,2025-04-09
397,397,288.70,2025-03-08
398,398,515.50,2025-01-11
399,399,613.17,2025-04-17
400,400,476.69,2025-03-29
401,401,457.48,2025-03-19
402,402,749.90,2025-04-25
403,403,843.37,2025-01-23
404,404,543.76,2025-02-23
405,405,709.21,2025-01-11
406,406,953.26,2025-02-02
407,407,626.43,2025-02-13
408,408,832.06,2025-01-08
409,409,556.44,2025-01-07
410,410,97.93,2025-04-01
411,411,638.83,2025-02-14
412,412,584.61,2025-01-29
413,413,872.94,2025-05-03
414,414,110.19,2025-03-04
415,415,505.67,2025-02-06
416,416,793.16,2025-03-19
417,417,938.43,2025-02-14
418,418,685.50,2025-03-08
419,419,304.58,2025-04-20
420,420,785.33,2025-02-13
421,421,745.49,2025-05-07
422,422,49.52,2025-04-21
423,423,758.53,2025-04-28
424,424,689.48,2025-03-22
425,425,438.78,2025-02-19
426,426,894.46,2025-04-04
427,427,489.13,2025-01-17
428,428,752.25,2025-01-26
429,429,459.31,2025-03-10
430,430,458.17,2025-01-16
431,431,687.69,2025-04-01
432,432,590.78,2025-03-29
433,433,429.18,2025-01-04
434,434,220.56,2025-01-05
435,435,162.29,2025-02-12
436,436,400.32,2025-01-29
437,437,77.23,2025-02-05
438,438,357.24,2025-02-03
439,439,568.30,2025-01-22
440,440,43.16,2025-03-02
441,441,977.13,2025-01-22
442,442,76.07,2025-02-27
443,443,614.87,2025-02-23
444,444,903.52,2025-01-17
445,445,544.32,2025-03-25
446,446,218.81,2025-02-10
447,447,392.59,2025-02-24
448,448,985.08,2025-04-23
449,449,161.44,2025-02-17
450,450,171.89,2025-02-19
451,451,416.63,2025-01-15
452,452,173.00,2025-04-06
453,453,740.57,2025-03-03
454,454,584.44,2025-03-20
455,455,540.48,2025-04-09
456,456,37.31,2025-01-24
457,457,281.00,2025-03-11
458,458,136.55,2025-05-06
459,459,191.20,2025-02-19
460,460,373.34,2025-02-03
461,461,273.86,2025-02-21
462,462,614.80,2025-03-20
463,463,273.68,2025-01-17
464,464,777.36,2025-03-13
465,465,670.59,2025-02-12
466,466,47.03,2025-01-01
467,467,851.34,2025-03-21
468,468,701.69,2025-03-10
469,469,515.94,2025-04-17
470,470,689.67,2025-04-26
471,471,52.80,2025-03-20
472,472,233.46,2025-03-11
473,473,715.13,2025-02-21
474,474,957.97,2025-04-12
475,475,876.26,2025-01-16
476,476,788.48,2025-03-22
477,477,226.84,2025-04-10
478,478,259.26,2025-02-27
479,479,310.31,2025-02-03
480,480,545.38,2025-04-06
481,481,728.44,2025-04-19
482,482,949.20,2025-01-30
483,483,493.78,2025-03-01
484,484,306.91,2025-01-01
485,485,68.52,2025-04-01
486,486,66.66,2025-02-03
487,487,114.69,2025-03-26
488,488,648.41,2025-02-02
489,489,879.34,2025-03-09
490,490,197.73,2025-01-03
491,491,631.54,2025-02-28
492,492,329.76,2025-01-31
493,493,452.14,2025-03-05
494,494,928.77,2025-03-23
495,495,73.76,2025-04-05
496,496,615.08,2025-02-16
497,497,508.47,2025-02-24
498,498,409.38,2025-02-26
499,499,293.62,2025-02-09
500,500,395.37,2025-04-03
501,501,27.64,2025-02-07
502,502,429.66,2025-02-17
503,503,646.06,2025-01-13
504,504,196.88,2025-03-07
505,505,743.00,2025-02-14
506,506,711.00,2025-05-01
507,507,824.49,2025-04-05
508,508,725.65,2025-03-14
509,509,79.48,2025-02-15
510,510,682.71,2025-05-03
511,511,932.44,2025-03-13
512,512,465.11,2025-01-15
513,513,781.10,2025-04-12
514,514,58.48,2025-02-01
515,515,842.22,2025-02-13
516,516,278.07,2025-02-24
517,517,877.05,2025-02-16
518,518,343.48,2025-04-20
519,519,749.02,2025-01-02
520,520,389.64,2025-02-20
521,521,458.93,2025-01-26
522,522,691.67,2025-02-11
523,523,161.61,2025-04-29
524,524,612.85,2025-03-20
525,525,250.29,2025-02-17
526,526,687.97,2025-05-05
527,527,926.39,2025-02-09
528,528,573.54,2025-03-26
529,529,667.75,2025-05-04
530,530,935.19,2025-02-27
531,531,111.48,2025-01-04
532,532,737.40,2025-03-01
533,533,560.83,2025-04-12
534,534,568.37,2025-02-28
535,535,176.68,2025-04-26
536,536,210.84,2025-02-25
537,537,384.13,2025-04-06
538,538,983.18,2025-04-01
539,539,191.17,2025-03-13
540,540,823.27,2025-01-26
541,541,995.48,2025-04-24
542,542,648.96,2025-01-18
543,543,65.09,2025-02-18
544,544,322.94,2025-01-29
545,545,839.09,2025-01-30
546,546,333.00,2025-02-11
547,547,625.80,2025-02-18
548,548,211.12,2025-05-06
549,549,772.00,2025-02-03
550,550,88.16,2025-03-04
551,551,787.46,2025-01-02
552,552,116.01,2025-01-29
553,553,613.22,2025-03-30
554,554,733.83,2025-03-18
555,555,461.87,2025-02-13
556,556,744.08,2025-01-01
557,557,31.02,2025-01-14
558,558,228.83,2025-05-07
559,559,780.01,2025-04-29
560,560,936.98,2025-01-30
561,561,87.10,2025-03-29
562,562,922.49,2025-03-11
563,563,143.95,2025-04-04
564,564,40.07,2025-03-04
565,565,964.32,2025-04-19
566,566,97.13,2025-01-24
567,567,563.69,2025-04-27
568,568,530.39,2025-03-18
569,569,781.39,2025-05-04
570,570,624.45,2025-04-18
571,571,730.49,2025-03-05
572,572,792.37,2025-02-20
573,573,363.44,2025-02-18
574,574,767.03,2025-01-31
575,575,396.21,2025-02-25
576,576,452.11,2025-04-05
577,577,810.21,2025-02-10
578,578,806.19,2025-02-09
579,579,488.11,2025-01-04
580,580,808.30,2025-02-18
581,581,464.94,2025-02-11
582,582,858.65,2025-03-31
583,583,131.44,2025-01-26
584,584,246.67,2025-04-12
585,585,678.01,2025-03-28
586,586,38.26,2025-02-08
587,587,222.56,2025-03-16
588,588,610.65,2025-01-15
589,589,610.82,2025-01-26
590,590,658.18,2025-04-08
591,591,417.96,2025-04-26
592,592,833.17,2025-01-09
593,593,901.95,2025-03-26
594,594,201.95,2025-04-23
595,595,21.57,2025-02-23
596,596,969.97,2025-03-22
597,597,119.42,2025-02-06
598,598,298.96,2025-01-26
599,599,718.15,2025-04-25
600,600,783.73,2025-03-31
601,601,941.26,2025-04-14
602,602,622.13,2025-04-24
603,603,927.17,2025-01-26
604,604,787.67,2025-03-12
605,605,962.80,2025-02-16
606,606,25.55,2025-02-21
607,607,894.18,2025-04-22
608,608,273.65,2025-01-31
609,609,563.01,2025-04-17
610,610,695.45,2025-01-09
611,611,191.23,2025-04-27
612,612,328.85,2025-01-28
613,613,659.80,2025-01-30
614,614,241.54,2025-04-08
615,615,756.64,2025-04-08
616,616,962.04,2025-03-26
617,617,471.91,2025-05-04
618,618,808.09,2025-03-15
619,619,282.51,2025-01-29
620,620,215.35,2025-05-01
621,621,911.13,2025-02-27
622,622,843.15,2025-01-29
623,623,664.25,2025-03-22
624,624,43.09,2025-01-17
625,625,820.55,2025-03-10
626,626,136.56,2025-03-26
627,627,141.06,2025-04-08
628,628,643.19,2025-04-12
629,629,153.97,2025-02-17
630,630,873.41,2025-04-19
631,631,861.57,2025-05-02
632,632,962.67,2025-02-27
633,633,421.06,2025-02-04
634,634,574.95,2025-03-21
635,635,453.29,2025-03-06
636,636,512.02,2025-03-20
637,637,266.42,2025-03-26
638,638,654.38,2025-03-06
639,639,717.44,2025-01-23
640,640,694.18,2025-02-27
641,641,788.15,2025-02-09
642,642,606.47,2025-02-19
643,643,585.36,2025-01-30
644,644,434.57,2025-02-19
645,645,538.27,2025-02-07
646,646,191.36,2025-02-04
647,647,960.26,2025-01-03
648,648,234.28,2025-04-16
649,649,213.50,2025-03-04
650,650,473.53,2025-03-09
651,651,224.31,2025-04-10
652,652,717.71,2025-03-04
653,653,839.00,2025-02-07
654,654,151.85,2025-03-24
655,655,311.30,2025-02-20
656,656,429.07,2025-03-22
657,657,274.40,2025-04-28
658,658,499.50,2025-01-09
659,659,20.73,2025-03-18
660,660,463.77,2025-04-10
661,661,363.01,2025-01-22
662,662,707.07,2025-04-06
663,663,433.96,2025-01-13
664,664,814.58,2025-03-10
665,665,164.33,2025-03-25
666,666,418.95,2025-05-01
667,667,319.61,2025-05-01
668,668,84.99,2025-05-07
669,669,361.42,2025-02-10
670,670,334.31,2025-04-09
671,671,829.94,2025-03-22
672,672,160.35,2025-01-10
673,673,348.58,2025-04-04
674,674,831.69,2025-01-19
675,675,96.47,2025-01-11
676,676,185.08,2025-05-01
677,677,852.73,2025-04-05
678,678,278.26,2025-03-13
679,679,877.47,2025-04-10
680,680,206.57,2025-02-17
681,681,534.14,2025-03-21
682,682,387.07,2025-03-22
683,683,700.71,2025-01-28
684,684,20.80,2025-04-08
685,685,81.58,2025-02-01
686,686,637.13,2025-04-17
687,687,39.59,2025-04-28
688,688,469.44,2025-01-22
689,689,184.55,2025-02-19
690,690,902.05,2025-03-08
691,691,821.41,2025-02-23
692,692,554.90,2025-02-24
693,693,162.15,2025-02-17
694,694,33.33,2025-02-09
695,695,718.23,2025-04-16
696,696,65.51,2025-01-20
697,697,121.80,2025-05-05
698,698,631.63,2025-01-21
699,699,934.15,2025-01-24
700,700,326.61,2025-01-04
701,701,136.05,2025-02-09
702,702,76.34,2025-04-19
703,703,90.57,2025-05-05
704,704,457.85,2025-04-02
705,705,796.49,2025-01-10
706,706,27.87,2025-04-16
707,707,810.14,2025-01-10
708,708,838.86,2025-05-07
709,709,893.06,2025-05-05
710,710,477.83,2025-02-10
711,711,900.76,2025-02-01
712,712,84.14,2025-04-03
713,713,911.39,2025-01-02
714,714,906.18,2025-04-13
715,715,177.86,2025-04-02
716,716,467.59,2025-04-07
717,717,824.53,2025-03-09
718,718,224.68,2025-04-02
719,719,119.67,2025-04-09
720,720,312.27,2025-02-02
721,721,24.70,2025-01-23
722,722,141.90,2025-03-03
723,723,373.82,2025-02-20
724,724,102.66,2025-03-10
725,725,271.60,2025-02-14
726,726,612.14,2025-01-16
727,727,585.09,2025-02-16
728,728,999.83,2025-02-28
729,729,928.57,2025-03-09
730,730,696.95,2025-04-17
731,731,198.70,2025-03-28
732,732,777.69,2025-03-22
733,733,349.74,2025-01-24
734,734,201.94,2025-02-17
735,735,386.86,2025-03-05
736,736,900.40,2025-01-10
737,737,857.27,2025-03-02
738,738,94.83,2025-05-06
739,739,401.09,2025-01-16
740,740,592.13,2025-02-04
741,741,991.46,2025-03-20
742,742,835.99,2025-03-28
743,743,964.68,2025-03-12
744,744,565.80,2025-04-18
745,745,865.69,2025-02-26
746,746,39.89,2025-02-22
747,747,609.51,2025-05-05
748,748,509.65,2025-03-19
749,749,857.98,2025-01-04
750,750,590.61,2025-01-28
751,751,286.13,2025-02-23
752,752,20.11,2025-02-12
753,753,65.49,2025-04-02
754,754,897.43,2025-01-12
755,755,882.06,2025-04-17
756,756,233.55,2025-03-02
757,757,288.18,2025-01-02
758,758,644.02,2025-04-22
759,759,879.05,2025-03-24
760,760,465.46,2025-01-03
761,761,52.83,2025-02-26
762,762,143.81,2025-04-22
763,763,894.92,2025-02-16
764,764,691.89,2025-04-09
765,765,862.20,2025-03-07
766,766,750.44,2025-02-10
767,767,377.42,2025-04-27
768,768,523.77,2025-04-18
769,769,388.90,2025-04-24
770,770,178.06,2025-03-27
771,771,925.10,2025-05-01
772,772,263.29,2025-01-25
773,773,174.09,2025-04-13
774,774,951.91,2025-03-30
775,775,831.02,2025-01-15
776,776,585.49,2025-01-06
777,777,480.89,2025-03-22
778,778,706.38,2025-01-10
779,779,597.52,2025-02-16
780,780,602.56,2025-02-24
781,781,859.14,2025-04-03
782,782,501.45,2025-04-04
783,783,857.01,2025-01-05
784,784,625.82,2025-03-06
785,785,412.75,2025-03-21
786,786,787.07,2025-03-26
787,787,510.31,2025-04-07
788,788,860.65,2025-05-04
789,789,934.55,2025-04-07
790,790,493.15,2025-04-14
791,791,345.64,2025-01-29
792,792,132.75,2025-01-12
793,793,548.33,2025-02-16
794,794,116.74,2025-02-02
795,795,960.92,2025-02-23
796,796,66.17,2025-03-08
797,797,728.71,2025-05-04
798,798,678.50,2025-03-21
799,799,296.86,2025-04-17
800,800,958.94,2025-04-27
801,801,71.24,2025-02-07
802,802,95.88,2025-03-10
803,803,489.16,2025-02-26
804,804,547.76,2025-05-03
805,805,631.79,2025-04-29
806,806,95.28,2025-03-12
807,807,225.03,2025-01-15
808,808,611.83,2025-03-15
809,809,443.90,2025-03-25
810,810,847.86,2025-03-11
811,811,114.63,2025-03-31
812,812,845.51,2025-01-25
813,813,171.80,2025-01-05
814,814,870.17,2025-02-18
815,815,825.02,2025-04-29
816,816,811.06,2025-05-01
817,817,463.42,2025-04-15
818,818,592.48,2025-03-17
819,819,105.71,2025-04-24
820,820,475.45,2025-01-06
821,821,415.91,2025-02-12
822,822,132.89,2025-01-03
823,823,110.66,2025-01-29
824,824,769.47,2025-02-15
825,825,868.64,2025-03-01
826,826,997.46,2025-03-13
827,827,694.00,2025-04-25
828,828,406.77,2025-04-21
829,829,715.11,2025-02-06
830,830,773.36,2025-03-08
831,831,296.31,2025-01-20
832,832,574.23,2025-01-29
833,833,473.68,2025-04-24
834,834,336.66,2025-04-26
835,835,303.68,2025-01-28
836,836,209.91,2025-01-29
837,837,640.47,2025-02-20
838,838,390.36,2025-03-11
839,839,607.42,2025-01-19
840,840,289.06,2025-03-31
841,841,738.11,2025-02-05
842,842,460.88,2025-01-13
843,843,871.66,2025-05-05
844,844,478.00,2025-01-11
845,845,253.85,2025-01-13
846,846,91.95,2025-01-30
847,847,471.96,2025-02-08
848,848,649.72,2025-03-27
849,849,482.04,2025-03-18
850,850,494.72,2025-03-13
851,851,70.48,2025-01-23
852,852,155.86,2025-03-03
853,853,758.51,2025-03-27
854,854,262.11,2025-01-04
855,855,868.15,2025-03-15
856,856,339.44,2025-03-23
857,857,655.93,2025-03-16
858,858,145.72,2025-03-24
859,859,774.65,2025-03-25
860,860,191.18,2025-04-28
861,861,823.70,2025-02-21
862,862,161.85,2025-01-14
863,863,90.84,2025-02-01
864,864,654.21,2025-02-21
865,865,619.00,2025-04-25
866,866,523.55,2025-04-07
867,867,119.70,2025-01-04
868,868,154.41,2025-03-08
869,869,842.08,2025-02-06
870,870,737.01,2025-01-28
871,871,659.09,2025-03-21
872,872,121.64,2025-04-28
873,873,397.41,2025-02-28
874,874,504.82,2025-02-07
875,875,339.03,2025-01-20
876,876,310.11,2025-03-23
877,877,223.32,2025-02-27
878,878,356.93,2025-02-12
879,879,418.25,2025-05-07
880,880,940.02,2025-03-26
881,881,523.52,2025-04-30
882,882,417.93,2025-01-23
883,883,488.97,2025-05-03
884,884,450.03,2025-01-31
885,885,257.46,2025-04-03
886,886,915.74,2025-02-26
887,887,686.86,2025-01-01
888,888,216.01,2025-02-24
889,889,625.42,2025-04-25
890,890,822.09,2025-04-30
891,891,59.88,2025-02-15
892,892,402.13,2025-04-22
893,893,663.03,2025-03-28
894,894,323.56,2025-04-10
895,895,538.74,2025-02-14
896,896,361.49,2025-04-28
897,897,152.08,2025-03-08
898,898,108.42,2025-05-05
899,899,562.22,2025-02-22
900,900,316.07,2025-04-30
901,901,374.15,2025-04-09
902,902,990.23,2025-03-12
903,903,106.01,2025-03-20
904,904,554.86,2025-03-16
905,905,608.59,2025-04-22
906,906,318.72,2025-04-28
907,907,232.78,2025-04-29
908,908,947.23,2025-05-07
909,909,386.58,2025-02-02
910,910,447.81,2025-02-09
911,911,26.62,2025-02-23
912,912,478.53,2025-03-30
913,913,497.03,2025-01-18
914,914,295.67,2025-03-12
915,915,189.51,2025-03-23
916,916,408.18,2025-04-19
917,917,224.52,2025-01-12
918,918,357.53,2025-03-16
919,919,970.28,2025-02-27
920,920,708.33,2025-04-17
921,921,219.24,2025-03-17
922,922,257.38,2025-03-29
923,923,338.21,2025-03-26
924,924,101.35,2025-04-25
925,925,810.47,2025-01-18
926,926,253.55,2025-01-19
927,927,121.77,2025-04-22
928,928,435.40,2025-05-07
929,929,28.34,2025-04-12
930,930,242.86,2025-01-22
931,931,360.82,2025-03-27
932,932,699.73,2025-01-01
933,933,786.12,2025-04-18
934,934,772.66,2025-03-22
935,935,277.02,2025-05-06
936,936,681.50,2025-04-06
937,937,552.80,2025-02-18
938,938,479.12,2025-03-06
939,939,340.16,2025-03-17
940,940,47.45,2025-03-29
941,941,308.27,2025-03-04
942,942,299.99,2025-03-24
943,943,655.02,2025-03-19
944,944,245.62,2025-03-29
945,945,979.90,2025-02-28
946,946,444.88,2025-01-12
947,947,181.63,2025-03-16
948,948,45.52,2025-04-29
949,949,431.52,2025-05-07
950,950,741.56,2025-02-10
951,951,352.88,2025-01-14
952,952,604.42,2025-02-21
953,953,275.56,2025-05-04
954,954,565.81,2025-03-16
955,955,731.70,2025-05-07
956,956,424.46,2025-01-20
957,957,972.95,2025-01-07
958,958,729.72,2025-04-09
959,959,774.57,2025-02-18
960,960,202.52,2025-01-16
961,961,273.13,2025-01-14
962,962,348.29,2025-01-20
963,963,402.51,2025-04-05
964,964,801.79,2025-03-20
965,965,340.67,2025-01-04
966,966,503.03,2025-02-11
967,967,197.59,2025-04-19
968,968,837.05,2025-03-03
969,969,56.84,2025-01-07
970,970,491.28,2025-02-18
971,971,506.39,2025-04-15
972,972,456.23,2025-02-21
973,973,942.01,2025-01-06
974,974,302.01,2025-01-18
975,975,80.02,2025-03-10
976,976,974.48,2025-02-04
977,977,987.84,2025-04-30
978,978,282.72,2025-01-21
979,979,59.72,2025-04-14
980,980,327.33,2025-03-31
981,981,899.64,2025-02-09
982,982,731.06,2025-03-21
983,983,177.98,2025-03-19
984,984,851.30,2025-02-14
985,985,105.19,2025-04-18
986,986,497.52,2025-04-21
987,987,325.64,2025-01-06
988,988,54.27,2025-02-24
989,989,381.74,2025-01-24
990,990,730.96,2025-03-10
991,991,462.14,2025-01-31
992,992,61.84,2025-04-22
993,993,625.57,2025-03-11
994,994,723.40,2025-02-01
995,995,980.42,2025-02-27
996,996,703.94,2025-05-07
997,997,563.93,2025-04-17
998,998,268.14,2025-05-03
999,999,562.13,2025-04-02
1000,1000,55.94,2025-01-04
1001,1001,209.82,2025-02-04
1002,1002,213.80,2025-04-26
1003,1003,479.50,2025-02-15
1004,1004,403.73,2025-04-02
1005,1005,95.57,2025-01-25
1006,1006,982.49,2025-01-26
1007,1007,670.20,2025-03-07
1008,1008,758.73,2025-01-06
1009,1009,410.10,2025-02-22
1010,1010,787.82,2025-02-27
1011,1011,754.34,2025-02-08
1012,1012,819.10,2025-04-12
1013,1013,55.09,2025-04-25
1014,1014,745.11,2025-03-28
1015,1015,510.33,2025-02-28
1016,1016,145.19,2025-02-17
1017,1017,920.57,2025-03-31
1018,1018,397.06,2025-02-15
1019,1019,684.88,2025-03-09
1020,1020,758.08,2025-02-15
1021,1021,828.77,2025-03-08
1022,1022,981.63,2025-03-29
1023,1023,70.14,2025-02-02
1024,1024,222.16,2025-04-20
1025,1025,475.03,2025-04-20
1026,1026,212.41,2025-03-14
1027,1027,410.93,2025-05-05
1028,1028,562.03,2025-03-09
1029,1029,871.53,2025-04-08
1030,1030,736.66,2025-01-09
1031,1031,723.97,2025-04-07
1032,1032,711.56,2025-03-25
1033,1033,925.14,2025-04-06
1034,1034,892.18,2025-02-17
1035,1035,183.00,2025-02-01
1036,1036,118.56,2025-03-21
1037,1037,935.29,2025-04-15
1038,1038,641.41,2025-01-09
1039,1039,127.36,2025-02-19
1040,1040,416.03,2025-05-02
1041,1041,298.46,2025-01-14
1042,1042,501.24,2025-03-23
1043,1043,311.92,2025-01-10
1044,1044,299.88,2025-03-17
1045,1045,217.61,2025-01-02
1046,1046,176.49,2025-02-14
1047,1047,941.80,2025-03-15
1048,1048,453.63,2025-02-07
1049,1049,502.65,2025-01-01
1050,1050,479.68,2025-03-14
1051,1051,713.58,2025-03-06
1052,1052,739.36,2025-02-25
1053,1053,400.13,2025-04-01
1054,1054,473.82,2025-02-13
1055,1055,119.95,2025-01-17
1056,1056,703.96,2025-02-10
1057,1057,313.21,2025-02-23
1058,1058,534.64,2025-01-28
1059,1059,217.67,2025-03-31
1060,1060,812.57,2025-04-06
1061,1061,311.73,2025-01-04
1062,1062,76.84,2025-01-08
1063,1063,756.51,2025-04-11
1064,1064,382.14,2025-03-28
1065,1065,62.74,2025-02-08
1066,1066,32.80,2025-03-14
1067,1067,785.47,2025-02-04
1068,1068,346.16,2025-03-14
1069,1069,330.10,2025-02-17
1070,1070,396.07,2025-02-06
1071,1071,180.21,2025-04-09
1072,1072,921.88,2025-01-22
1073,1073,672.69,2025-02-22
1074,1074,172.46,2025-03-12
1075,1075,522.59,2025-03-17
1076,1076,794.33,2025-04-04
1077,1077,731.11,2025-04-05
1078,1078,872.78,2025-03-09
1079,1079,862.74,2025-04-28
1080,1080,787.69,2025-02-08
1081,1081,70.58,2025-04-02
1082,1082,625.34,2025-04-18
1083,1083,442.73,2025-05-07
1084,1084,733.46,2025-05-03
1085,1085,381.15,2025-02-08
1086,1086,772.86,2025-01-12
1087,1087,942.06,2025-04-08
1088,1088,565.84,2025-01-15
1089,1089,793.65,2025-03-23
1090,1090,707.26,2025-02-01
1091,1091,262.52,2025-03-09
1092,1092,314.96,2025-02-07
1093,1093,411.38,2025-03-10
1094,1094,615.32,2025-01-18
1095,1095,370.54,2025-01-01
1096,1096,749.97,2025-01-19
1097,1097,629.85,2025-02-04
1098,1098,884.61,2025-04-13
1099,1099,546.71,2025-03-12
1100,1100,346.63,2025-01-29
1101,1101,729.85,2025-02-14
1102,1102,825.61,2025-02-02
1103,1103,577.80,2025-01-26
1104,1104,215.12,2025-03-10
1105,1105,552.47,2025-04-10
1106,1106,352.05,2025-02-03
1107,1107,783.59,2025-02-07
1108,1108,75.04,2025-02-05
1109,1109,989.96,2025-02-25
1110,1110,849.21,2025-02-28
1111,1111,498.46,2025-04-03
1112,1112,987.63,2025-04-03
1113,1113,85.20,2025-02-03
1114,1114,190.71,2025-04-13
1115,1115,552.95,2025-02-05
1116,1116,797.09,2025-01-08
1117,1117,196.45,2025-01-06
1118,1118,598.66,2025-02-13
1119,1119,598.74,2025-03-12
1120,1120,971.65,2025-02-09
1121,1121,438.21,2025-01-10
1122,1122,199.34,2025-01-01
1123,1123,234.54,2025-02-13
1124,1124,488.39,2025-04-26
1125,1125,76.97,2025-05-03
1126,1126,42.93,2025-02-19
1127,1127,75.15,2025-05-04
1128,1128,336.01,2025-03-26
1129,1129,985.18,2025-04-14
1130,1130,800.56,2025-01-10
1131,1131,946.54,2025-04-29
1132,1132,623.27,2025-03-14
1133,1133,881.04,2025-01-25
1134,1134,148.29,2025-04-11
1135,1135,80.48,2025-01-23
1136,1136,392.33,2025-02-20
1137,1137,627.74,2025-04-27
1138,1138,915.36,2025-01-30
1139,1139,47.61,2025-04-15
1140,1140,448.32,2025-02-16
1141,1141,585.57,2025-03-01
1142,1142,218.26,2025-01-28
1143,1143,843.78,2025-05-04
1144,1144,847.55,2025-03-27
1145,1145,94.69,2025-05-05
1146,1146,183.10,2025-03-19
1147,1147,812.27,2025-02-12
1148,1148,241.80,2025-04-20
1149,1149,830.41,2025-05-04
1150,1150,383.89,2025-01-30
1151,1151,780.73,2025-05-02
1152,1152,171.46,2025-04-10
1153,1153,983.19,2025-02-10
1154,1154,292.68,2025-01-22
1155,1155,87.75,2025-02-02
1156,1156,77.88,2025-04-15
1157,1157,786.54,2025-03-28
1158,1158,679.48,2025-01-05
1159,1159,847.76,2025-04-03
1160,1160,139.37,2025-04-16
1161,1161,394.18,2025-01-16
1162,1162,643.91,2025-05-02
1163,1163,144.39,2025-04-07
1164,1164,95.19,2025-03-11
1165,1165,588.85,2025-04-28
1166,1166,704.73,2025-01-21
1167,1167,248.47,2025-02-07
1168,1168,500.83,2025-04-11
1169,1169,714.76,2025-04-07
1170,1170,243.46,2025-02-07
1171,1171,173.96,2025-04-22
1172,1172,814.84,2025-04-14
1173,1173,445.11,2025-03-10
1174,1174,444.00,2025-04-16
1175,1175,829.68,2025-03-22
1176,1176,684.81,2025-03-13
1177,1177,818.24,2025-01-05
1178,1178,221.72,2025-01-03
1179,1179,831.29,2025-04-10
1180,1180,338.66,2025-02-09
1181,1181,61.81,2025-01-19
1182,1182,291.49,2025-02-08
1183,1183,941.32,2025-03-07
1184,1184,228.06,2025-02-02
1185,1185,29.85,2025-03-07
1186,1186,830.38,2025-03-15
1187,1187,612.04,2025-05-06
1188,1188,725.47,2025-03-16
1189,1189,161.86,2025-02-09
1190,1190,707.24,2025-02-06
1191,1191,103.76,2025-02-05
1192,1192,985.04,2025-04-30
1193,1193,774.77,2025-01-09
1194,1194,799.19,2025-02-18
1195,1195,27.49,2025-02-28
1196,1196,828.66,2025-04-04
1197,1197,428.28,2025-01-21
1198,1198,718.64,2025-03-26
1199,1199,528.39,2025-04-28
1200,1200,525.83,2025-03-30
1201,1201,911.72,2025-01-09
1202,1202,22.92,2025-02-28
1203,1203,831.83,2025-01-09
1204,1204,153.26,2025-04-10
1205,1205,808.32,2025-03-18
1206,1206,224.49,2025-04-03
1207,1207,395.44,2025-04-28
1208,1208,190.64,2025-03-08
1209,1209,912.87,2025-02-06
1210,1210,690.69,2025-01-29
1211,1211,845.82,2025-03-31
1212,1212,819.35,2025-03-05
1213,1213,626.65,2025-01-13
1214,1214,865.49,2025-05-03
1215,1215,395.86,2025-04-01
1216,1216,560.75,2025-03-11
1217,1217,607.85,2025-01-20
1218,1218,885.68,2025-03-16
1219,1219,840.19,2025-03-02
1220,1220,936.95,2025-03-05
1221,1221,365.05,2025-01-09
1222,1222,103.41,2025-01-01
1223,1223,747.29,2025-04-30
1224,1224,242.69,2025-03-31
1225,1225,675.32,2025-01-20
1226,1226,751.09,2025-04-18
1227,1227,611.17,2025-02-14
1228,1228,380.22,2025-02-20
1229,1229,877.55,2025-03-01
1230,1230,786.79,2025-04-08
1231,1231,50.15,2025-02-07
1232,1232,138.37,2025-04-15
1233,1233,199.17,2025-03-12
1234,1234,940.36,2025-01-29
1235,1235,26.15,2025-04-06
1236,1236,627.93,2025-01-10
1237,1237,104.71,2025-03-11
1238,1238,305.90,2025-02-27
1239,1239,786.65,2025-01-08
1240,1240,191.73,2025-04-05
1241,1241,969.13,2025-02-21
1242,1242,333.69,2025-02-26
1243,1243,224.16,2025-03-09
1244,1244,585.40,2025-01-25
1245,1245,600.09,2025-05-04
1246,1246,518.88,2025-02-09
1247,1247,773.95,2025-02-14
1248,1248,185.78,2025-05-01
1249,1249,298.15,2025-02-19
1250,1250,622.96,2025-03-25
1251,1251,976.66,2025-03-13
1252,1252,567.74,2025-02-13
1253,1253,830.88,2025-01-20
1254,1254,811.04,2025-03-05
1255,1255,65.56,2025-05-01
1256,1256,115.93,2025-01-03
1257,1257,255.51,2025-01-21
1258,1258,983.17,2025-02-25
1259,1259,186.55,2025-03-23
1260,1260,849.54,2025-05-03
1261,1261,154.07,2025-03-25
1262,1262,312.47,2025-01-28
1263,1263,61.58,2025-05-02
1264,1264,815.86,2025-02-05
1265,1265,94.72,2025-03-15
1266,1266,398.43,2025-01-07
1267,1267,568.16,2025-04-04
1268,1268,415.53,2025-01-30
1269,1269,686.85,2025-04-28
1270,1270,542.78,2025-04-22
1271,1271,946.24,2025-04-26
1272,1272,668.62,2025-02-17
1273,1273,789.30,2025-03-10
1274,1274,398.04,2025-03-16
1275,1275,139.91,2025-01-02
1276,1276,549.44,2025-04-28
1277,1277,387.01,2025-01-30
1278,1278,559.35,2025-01-25
1279,1279,484.21,2025-02-02
1280,1280,848.93,2025-03-24
1281,1281,87.41,2025-02-07
1282,1282,480.66,2025-04-30
1283,1283,601.47,2025-03-24
1284,1284,360.63,2025-02-13
1285,1285,924.56,2025-01-23
1286,1286,860.28,2025-02-22
1287,1287,466.47,2025-04-01
1288,1288,621.13,2025-02-25
1289,1289,625.16,2025-04-28
1290,1290,715.79,2025-04-25
1291,1291,717.06,2025-04-20
1292,1292,981.33,2025-01-24
1293,1293,833.89,2025-03-14
1294,1294,222.72,2025-04-25
1295,1295,546.53,2025-02-20
1296,1296,710.10,2025-02-15
1297,1297,485.34,2025-02-18
1298,1298,405.44,2025-01-23
1299,1299,117.16,2025-01-07
1300,1300,45.17,2025-04-13
1301,1301,707.17,2025-03-08
1302,1302,979.83,2025-04-17
1303,1303,388.31,2025-03-12
1304,1304,248.16,2025-01-23
1305,1305,366.20,2025-04-05
1306,1306,78.77,2025-04-26
1307,1307,404.83,2025-03-20
1308,1308,287.02,2025-02-14
1309,1309,446.77,2025-04-22
1310,1310,154.68,2025-01-20
1311,1311,616.77,2025-03-25
1312,1312,431.36,2025-02-10
1313,1313,388.88,2025-04-20
1314,1314,915.22,2025-04-22
1315,1315,416.16,2025-01-24
1316,1316,478.67,2025-03-05
1317,1317,531.41,2025-01-27
1318,1318,259.02,2025-03-23
1319,1319,302.84,2025-01-30
1320,1320,905.39,2025-04-01
1321,1321,514.21,2025-03-09
1322,1322,203.94,2025-03-23
1323,1323,670.46,2025-02-03
1324,1324,653.04,2025-01-09
1325,1325,82.37,2025-02-20
1326,1326,329.69,2025-02-02
1327,1327,706.11,2025-04-30
1328,1328,536.59,2025-02-11
1329,1329,133.79,2025-04-13
1330,1330,811.24,2025-03-23
1331,1331,477.07,2025-05-01
1332,1332,504.28,2025-04-02
1333,1333,441.79,2025-05-05
1334,1334,198.20,2025-04-23
1335,1335,277.48,2025-02-03
1336,1336,412.76,2025-04-10
1337,1337,672.84,2025-03-23
1338,1338,356.82,2025-04-24
1339,1339,227.98,2025-01-11
1340,1340,512.07,2025-04-30
1341,1341,378.32,2025-02-19
1342,1342,150.28,2025-04-24
1343,1343,803.39,2025-05-01
1344,1344,519.89,2025-02-28
1345,1345,734.68,2025-02-27
1346,1346,432.78,2025-04-29
1347,1347,726.33,2025-03-12
1348,1348,313.63,2025-02-20
1349,1349,876.16,2025-03-22
1350,1350,260.45,2025-03-11
1351,1351,788.98,2025-04-28
1352,1352,631.30,2025-04-24
1353,1353,486.93,2025-03-07
1354,1354,957.14,2025-02-24
1355,1355,521.28,2025-04-15
1356,1356,963.32,2025-04-15
1357,1357,45.08,2025-04-24
1358,1358,847.45,2025-04-28
1359,1359,975.77,2025-01-26
1360,1360,566.41,2025-03-01
1361,1361,294.34,2025-03-23
1362,1362,32.22,2025-01-06
1363,1363,450.97,2025-04-17
1364,1364,429.89,2025-01-13
1365,1365,37.58,2025-01-28
1366,1366,422.31,2025-05-02
1367,1367,718.12,2025-03-24
1368,1368,909.35,2025-02-16
1369,1369,299.83,2025-02-13
1370,1370,980.16,2025-01-14
1371,1371,422.87,2025-04-25
1372,1372,964.27,2025-04-09
1373,1373,425.77,2025-01-09
1374,1374,335.37,2025-01-06
1375,1375,939.27,2025-03-30
1376,1376,471.58,2025-03-31
1377,1377,496.56,2025-02-07
1378,1378,254.98,2025-03-29
1379,1379,627.49,2025-05-07
1380,1380,177.87,2025-01-20
1381,1381,674.27,2025-04-27
1382,1382,818.48,2025-04-09
1383,1383,793.03,2025-03-26
1384,1384,580.35,2025-03-01
1385,1385,486.73,2025-03-11
1386,1386,165.98,2025-03-02
1387,1387,854.17,2025-02-26
1388,1388,968.85,2025-02-28
1389,1389,618.32,2025-02-22
1390,1390,330.05,2025-05-07
1391,1391,408.10,2025-03-01
1392,1392,86.05,2025-02-05
1393,1393,536.66,2025-04-22
1394,1394,171.70,2025-04-02
1395,1395,930.69,2025-03-13
1396,1396,923.08,2025-02-02
1397,1397,713.67,2025-01-03
1398,1398,997.85,2025-03-29
1399,1399,463.07,2025-02-22
1400,1400,73.04,2025-04-13
1401,1401,963.50,2025-05-07
1402,1402,155.78,2025-03-16
1403,1403,126.79,2025-01-26
1404,1404,626.53,2025-03-21
1405,1405,693.91,2025-02-03
1406,1406,938.22,2025-03-23
1407,1407,314.02,2025-03-08
1408,1408,919.36,2025-02-01
1409,1409,65.29,2025-01-15
1410,1410,751.81,2025-01-07
1411,1411,89.03,2025-03-11
1412,1412,883.37,2025-04-11
1413,1413,241.23,2025-02-24
1414,1414,260.43,2025-01-30
1415,1415,727.13,2025-02-08
1416,1416,165.67,2025-01-13
1417,1417,506.67,2025-04-03
1418,1418,830.79,2025-03-18
1419,1419,682.93,2025-04-01
1420,1420,502.33,2025-03-31
1421,1421,660.08,2025-03-04
1422,1422,85.04,2025-03-24
1423,1423,421.06,2025-02-06
1424,1424,954.09,2025-04-08
1425,1425,244.20,2025-02-12
1426,1426,669.35,2025-04-18
1427,1427,30.60,2025-04-26
1428,1428,36.90,2025-04-08
1429,1429,185.96,2025-04-09
1430,1430,136.31,2025-04-29
1431,1431,653.19,2025-04-24
1432,1432,976.03,2025-03-07
1433,1433,637.65,2025-02-15
1434,1434,54.63,2025-02-17
1435,1435,222.26,2025-04-01
1436,1436,253.92,2025-02-06
1437,1437,783.42,2025-03-03
1438,1438,461.03,2025-02-07
1439,1439,163.16,2025-03-22
1440,1440,803.85,2025-02-01
1441,1441,720.69,2025-03-25
1442,1442,390.36,2025-04-30
1443,1443,707.25,2025-03-22
1444,1444,620.46,2025-01-05
1445,1445,937.37,2025-01-27
1446,1446,411.26,2025-03-07
1447,1447,343.22,2025-03-15
1448,1448,952.88,2025-04-17
1449,1449,560.61,2025-01-16
1450,1450,132.38,2025-02-11
1451,1451,931.86,2025-03-14
1452,1452,890.53,2025-01-30
1453,1453,688.63,2025-02-20
1454,1454,298.07,2025-04-17
1455,1455,606.16,2025-04-12
1456,1456,727.88,2025-01-03
1457,1457,97.29,2025-02-10
1458,1458,956.24,2025-03-08
1459,1459,755.27,2025-02-06
1460,1460,320.82,2025-05-07
1461,1461,681.39,2025-02-17
1462,1462,877.85,2025-03-21
1463,1463,258.90,2025-01-19
1464,1464,669.49,2025-04-15
1465,1465,686.60,2025-03-10
1466,1466,739.11,2025-02-09
1467,1467,58.51,2025-04-29
1468,1468,353.77,2025-01-01
1469,1469,165.48,2025-01-15
1470,1470,680.21,2025-04-06
1471,1471,743.01,2025-02-11
1472,1472,291.05,2025-01-30
1473,1473,974.33,2025-03-05
1474,1474,468.39,2025-04-03
1475,1475,986.61,2025-03-06
1476,1476,780.55,2025-04-30
1477,1477,93.87,2025-01-06
1478,1478,494.24,2025-04-18
1479,1479,32.54,2025-04-30
1480,1480,871.63,2025-03-23
1481,1481,166.65,2025-03-16
1482,1482,674.17,2025-03-09
1483,1483,270.41,2025-01-27
1484,1484,383.93,2025-01-22
1485,1485,224.16,2025-01-09
1486,1486,504.92,2025-03-04
1487,1487,545.13,2025-03-21
1488,1488,242.14,2025-02-27
1489,1489,831.80,2025-04-22
1490,1490,599.85,2025-02-25
1491,1491,456.65,2025-03-24
1492,1492,845.91,2025-04-20
1493,1493,923.74,2025-04-28
1494,1494,129.76,2025-03-10
1495,1495,482.79,2025-03-10
1496,1496,521.32,2025-04-08
1497,1497,616.64,2025-01-30
1498,1498,181.65,2025-01-05
1499,1499,775.14,2025-03-28
1500,1500,760.25,2025-04-26
1501,1501,177.04,2025-02-23
1502,1502,190.84,2025-04-19
1503,1503,982.88,2025-03-11
1504,1504,606.58,2025-02-28
1505,1505,56.16,2025-04-03
1506,1506,613.02,2025-01-10
1507,1507,77.56,2025-02-01
1508,1508,203.46,2025-01-21
1509,1509,381.27,2025-04-01
1510,1510,862.59,2025-01-05
1511,1511,419.55,2025-04-10
1512,1512,731.23,2025-05-03
1513,1513,963.70,2025-03-22
1514,1514,111.78,2025-03-20
1515,1515,541.51,2025-03-09
1516,1516,188.72,2025-01-05
1517,1517,482.31,2025-04-03
1518,1518,180.49,2025-03-20
1519,1519,971.75,2025-01-21
1520,1520,549.86,2025-04-07
1521,1521,40.78,2025-04-24
1522,1522,956.85,2025-02-21
1523,1523,408.82,2025-01-10
1524,1524,838.05,2025-01-28
1525,1525,489.24,2025-04-24
1526,1526,947.87,2025-03-17
1527,1527,666.12,2025-02-12
1528,1528,917.30,2025-01-16
1529,1529,227.66,2025-01-06
1530,1530,68.42,2025-01-05
1531,1531,20.75,2025-03-22
1532,1532,293.84,2025-02-21
1533,1533,189.79,2025-02-15
1534,1534,904.28,2025-05-07
1535,1535,940.32,2025-04-07
1536,1536,466.10,2025-01-25
1537,1537,932.44,2025-02-02
1538,1538,555.44,2025-03-15
1539,1539,161.07,2025-04-20
1540,1540,831.37,2025-04-21
1541,1541,984.76,2025-03-04
1542,1542,459.11,2025-03-20
1543,1543,828.24,2025-03-29
1544,1544,451.91,2025-04-18
1545,1545,886.99,2025-01-22
1546,1546,540.99,2025-04-25
1547,1547,804.87,2025-03-16
1548,1548,673.15,2025-02-28
1549,1549,63.94,2025-03-23
1550,1550,117.53,2025-03-02
1551,1551,318.95,2025-03-13
1552,1552,535.30,2025-05-02
1553,1553,361.30,2025-03-03
1554,1554,344.01,2025-04-12
1555,1555,199.85,2025-03-06
1556,1556,738.11,2025-01-31
1557,1557,927.25,2025-03-27
1558,1558,107.25,2025-03-27
1559,1559,840.33,2025-02-09
1560,1560,243.02,2025-02-05
1561,1561,824.53,2025-02-21
1562,1562,745.69,2025-01-05
1563,1563,760.75,2025-05-06
1564,1564,816.28,2025-01-02
1565,1565,472.82,2025-05-01
1566,1566,557.77,2025-01-01
1567,1567,528.65,2025-02-10
1568,1568,442.98,2025-03-09
1569,1569,584.81,2025-01-17
1570,1570,658.72,2025-03-12
1571,1571,843.19,2025-02-08
1572,1572,745.36,2025-02-11
1573,1573,342.96,2025-03-05
1574,1574,850.23,2025-03-01
1575,1575,964.96,2025-04-15
1576,1576,528.59,2025-03-13
1577,1577,536.13,2025-03-22
1578,1578,871.94,2025-03-06
1579,1579,316.40,2025-01-22
1580,1580,239.98,2025-04-13
1581,1581,734.03,2025-03-29
1582,1582,286.14,2025-02-04
1583,1583,492.92,2025-04-24
1584,1584,793.51,2025-03-13
1585,1585,977.55,2025-03-21
1586,1586,186.74,2025-02-19
1587,1587,450.86,2025-02-08
1588,1588,436.51,2025-03-27
1589,1589,202.69,2025-05-05
1590,1590,529.55,2025-04-18
1591,1591,684.86,2025-02-08
1592,1592,924.82,2025-02-06
1593,1593,359.71,2025-03-04
1594,1594,146.92,2025-04-23
1595,1595,509.42,2025-04-10
1596,1596,837.15,2025-03-30
1597,1597,815.58,2025-03-29
1598,1598,232.24,2025-02-08
1599,1599,866.11,2025-02-07
1600,1600,671.40,2025-03-12
1601,1601,968.54,2025-03-15
1602,1602,579.06,2025-02-05
1603,1603,261.51,2025-04-03
1604,1604,391.51,2025-01-20
1605,1605,746.26,2025-01-18
1606,1606,377.57,2025-01-13
1607,1607,57.85,2025-02-14
1608,1608,500.22,2025-04-08
1609,1609,21.59,2025-01-23
1610,1610,428.53,2025-02-26
1611,1611,355.55,2025-04-14
1612,1612,479.99,2025-04-09
1613,1613,394.74,2025-04-13
1614,1614,591.43,2025-01-15
1615,1615,628.76,2025-01-12
1616,1616,650.94,2025-03-20
1617,1617,128.14,2025-03-21
1618,1618,780.08,2025-04-12
1619,1619,241.93,2025-03-20
1620,1620,626.41,2025-02-05
1621,1621,980.18,2025-03-21
1622,1622,152.20,2025-02-24
1623,1623,379.04,2025-03-10
1624,1624,917.56,2025-04-01
1625,1625,371.74,2025-04-14
1626,1626,432.38,2025-03-23
1627,1627,367.04,2025-03-24
1628,1628,175.17,2025-03-19
1629,1629,231.11,2025-05-01
1630,1630,202.36,2025-01-16
1631,1631,71.00,2025-01-25
1632,1632,397.95,2025-02-24
1633,1633,428.90,2025-03-18
1634,1634,901.63,2025-01-11
1635,1635,754.77,2025-03-13
1636,1636,975.50,2025-03-05
1637,1637,81.11,2025-03-01
1638,1638,475.62,2025-01-16
1639,1639,85.95,2025-02-27
1640,1640,91.79,2025-02-12
1641,1641,355.65,2025-03-04
1642,1642,688.46,2025-01-07
1643,1643,516.43,2025-03-15
1644,1644,397.68,2025-03-13
1645,1645,659.54,2025-03-03
1646,1646,824.29,2025-01-27
1647,1647,143.21,2025-04-15
1648,1648,281.80,2025-04-16
1649,1649,681.43,2025-02-01
1650,1650,657.76,2025-04-11
1651,1651,971.76,2025-04-13
1652,1652,350.65,2025-01-26
1653,1653,730.22,2025-02-24
1654,1654,869.41,2025-01-07
1655,1655,845.17,2025-04-20
1656,1656,540.76,2025-01-09
1657,1657,503.84,2025-03-07
1658,1658,924.06,2025-01-17
1659,1659,758.33,2025-02-25
1660,1660,181.98,2025-04-02
1661,1661,112.98,2025-02-10
1662,1662,783.41,2025-04-29
1663,1663,136.27,2025-01-28
1664,1664,361.00,2025-02-09
1665,1665,819.05,2025-02-24
1666,1666,311.12,2025-05-07
1667,1667,173.61,2025-02-09
1668,1668,86.98,2025-05-05
1669,1669,40.35,2025-02-09
1670,1670,703.57,2025-01-05
1671,1671,358.30,2025-03-03
1672,1672,575.84,2025-01-01
1673,1673,148.44,2025-01-04
1674,1674,226.81,2025-05-07
1675,1675,790.66,2025-03-19
1676,1676,266.41,2025-04-19
1677,1677,358.74,2025-01-15
1678,1678,559.18,2025-02-13
1679,1679,975.60,2025-05-07
1680,1680,129.44,2025-04-12
1681,1681,271.31,2025-02-25
1682,1682,146.56,2025-02-07
1683,1683,521.05,2025-02-09
1684,1684,139.61,2025-03-06
1685,1685,231.44,2025-03-19
1686,1686,49.62,2025-04-17
1687,1687,927.27,2025-04-27
1688,1688,770.25,2025-01-24
1689,1689,746.89,2025-04-16
1690,1690,578.56,2025-01-29
1691,1691,765.43,2025-01-21
1692,1692,928.00,2025-02-04
1693,1693,91.93,2025-02-22
1694,1694,969.55,2025-01-29
1695,1695,724.60,2025-03-12
1696,1696,61.84,2025-04-11
1697,1697,663.40,2025-02-08
1698,1698,294.61,2025-01-19
1699,1699,354.44,2025-01-17
1700,1700,61.77,2025-02-16
1701,1701,642.05,2025-01-30
1702,1702,144.30,2025-04-12
1703,1703,833.48,2025-02-18
1704,1704,437.41,2025-05-04
1705,1705,349.56,2025-04-06
1706,1706,287.32,2025-01-01
1707,1707,56.56,2025-01-28
1708,1708,848.51,2025-03-05
1709,1709,432.62,2025-04-30
1710,1710,122.40,2025-03-24
1711,1711,493.42,2025-01-28
1712,1712,903.92,2025-02-28
1713,1713,830.42,2025-02-14
1714,1714,470.23,2025-02-07
1715,1715,774.10,2025-01-23
1716,1716,989.02,2025-04-23
1717,1717,663.64,2025-01-08
1718,1718,765.55,2025-04-30
1719,1719,224.70,2025-04-07
1720,1720,237.41,2025-03-19
1721,1721,694.58,2025-02-28
1722,1722,174.80,2025-04-23
1723,1723,554.41,2025-04-21
1724,1724,812.79,2025-03-06
1725,1725,562.89,2025-03-20
1726,1726,157.91,2025-01-21
1727,1727,435.51,2025-02-17
1728,1728,385.39,2025-03-13
1729,1729,528.07,2025-02-13
1730,1730,774.91,2025-01-18
1731,1731,582.57,2025-05-05
1732,1732,147.86,2025-03-16
1733,1733,703.99,2025-04-30
1734,1734,324.87,2025-01-23
1735,1735,266.33,2025-03-09
1736,1736,588.67,2025-03-03
1737,1737,24.12,2025-03-10
1738,1738,752.28,2025-02-20
1739,1739,189.97,2025-01-01
1740,1740,595.87,2025-04-09
1741,1741,141.98,2025-02-27
1742,1742,325.63,2025-01-24
1743,1743,127.73,2025-04-16
1744,1744,462.08,2025-02-05
1745,1745,123.39,2025-03-24
1746,1746,95.23,2025-03-07
1747,1747,105.47,2025-05-02
1748,1748,358.56,2025-04-14
1749,1749,151.58,2025-04-17
1750,1750,972.21,2025-03-06
1751,1751,114.74,2025-03-08
1752,1752,729.82,2025-04-01
1753,1753,967.21,2025-02-28
1754,1754,323.19,2025-04-06
1755,1755,407.88,2025-03-24
1756,1756,201.08,2025-02-16
1757,1757,620.36,2025-01-08
1758,1758,361.17,2025-01-22
1759,1759,776.53,2025-05-04
1760,1760,274.87,2025-02-23
1761,1761,328.23,2025-03-02
1762,1762,406.22,2025-04-10
1763,1763,586.29,2025-01-16
1764,1764,591.54,2025-03-26
1765,1765,819.99,2025-01-02
1766,1766,780.15,2025-01-28
1767,1767,973.00,2025-04-09
1768,1768,434.22,2025-04-09
1769,1769,933.72,2025-01-08
1770,1770,260.07,2025-03-31
1771,1771,378.27,2025-01-12
1772,1772,859.64,2025-03-31
1773,1773,870.19,2025-03-02
1774,1774,139.60,2025-04-30
1775,1775,874.18,2025-02-18
1776,1776,880.16,2025-04-15
1777,1777,626.93,2025-04-27
1778,1778,142.32,2025-03-07
1779,1779,946.89,2025-04-14
1780,1780,136.70,2025-02-09
1781,1781,987.30,2025-03-06
1782,1782,722.25,2025-04-24
1783,1783,552.78,2025-02-06
1784,1784,462.02,2025-02-08
1785,1785,448.44,2025-03-01
1786,1786,705.92,2025-05-02
1787,1787,166.44,2025-02-28
1788,1788,97.91,2025-03-21
1789,1789,380.08,2025-04-29
1790,1790,754.56,2025-02-04
1791,1791,877.28,2025-01-03
1792,1792,900.15,2025-03-19
1793,1793,852.06,2025-02-25
1794,1794,465.60,2025-03-20
1795,1795,573.70,2025-01-02
1796,1796,274.70,2025-01-13
1797,1797,250.00,2025-03-21
1798,1798,93.24,2025-03-11
1799,1799,322.62,2025-01-16
1800,1800,139.95,2025-01-03
1801,1801,73.21,2025-03-08
1802,1802,270.63,2025-01-17
1803,1803,405.45,2025-01-04
1804,1804,756.01,2025-01-14
1805,1805,749.76,2025-03-29
1806,1806,472.57,2025-04-27
1807,1807,135.93,2025-02-28
1808,1808,136.39,2025-03-28
1809,1809,548.58,2025-01-30
1810,1810,812.04,2025-02-18
1811,1811,234.04,2025-01-24
1812,1812,292.77,2025-02-15
1813,1813,934.02,2025-03-28
1814,1814,221.26,2025-02-25
1815,1815,985.58,2025-02-25
1816,1816,547.20,2025-04-13
1817,1817,331.86,2025-02-26
1818,1818,69.06,2025-04-16
1819,1819,617.55,2025-01-05
1820,1820,264.47,2025-02-01
1821,1821,74.89,2025-03-05
1822,1822,702.17,2025-04-07
1823,1823,230.01,2025-02-25
1824,1824,819.65,2025-01-22
1825,1825,658.44,2025-01-08
1826,1826,415.12,2025-04-04
1827,1827,783.84,2025-05-06
1828,1828,561.60,2025-04-20
1829,1829,775.39,2025-03-19
1830,1830,484.88,2025-03-10
1831,1831,720.13,2025-03-21
1832,1832,621.84,2025-04-17
1833,1833,831.60,2025-01-26
1834,1834,154.03,2025-03-11
1835,1835,885.33,2025-04-27
1836,1836,405.90,2025-05-01
1837,1837,485.29,2025-04-05
1838,1838,471.48,2025-03-15
1839,1839,813.98,2025-03-19
1840,1840,680.48,2025-01-04
1841,1841,75.22,2025-03-28
1842,1842,319.79,2025-05-04
1843,1843,444.55,2025-01-24
1844,1844,103.02,2025-03-14
1845,1845,941.64,2025-04-03
1846,1846,770.11,2025-03-25
1847,1847,995.95,2025-02-11
1848,1848,817.59,2025-04-18
1849,1849,290.00,2025-01-23
1850,1850,300.73,2025-01-18
1851,1851,974.50,2025-05-04
1852,1852,586.87,2025-03-28
1853,1853,275.75,2025-03-06
1854,1854,596.07,2025-01-30
1855,1855,543.26,2025-01-29
1856,1856,329.31,2025-03-01
1857,1857,421.14,2025-03-06
1858,1858,164.55,2025-03-27
1859,1859,956.57,2025-03-14
1860,1860,417.50,2025-03-30
1861,1861,22.79,2025-03-21
1862,1862,841.51,2025-02-24
1863,1863,854.66,2025-01-16
1864,1864,642.26,2025-01-16
1865,1865,526.11,2025-03-24
1866,1866,751.61,2025-03-27
1867,1867,219.64,2025-02-20
1868,1868,897.25,2025-04-10
1869,1869,612.23,2025-04-27
1870,1870,467.87,2025-02-24
1871,1871,718.99,2025-01-05
1872,1872,549.06,2025-01-15
1873,1873,793.74,2025-01-27
1874,1874,648.07,2025-01-15
1875,1875,987.00,2025-03-23
1876,1876,45.78,2025-02-07
1877,1877,266.32,2025-02-22
1878,1878,385.87,2025-03-02
1879,1879,592.29,2025-04-05
1880,1880,490.13,2025-02-03
1881,1881,740.85,2025-04-08
1882,1882,868.89,2025-04-12
1883,1883,453.19,2025-02-28
1884,1884,153.15,2025-01-17
1885,1885,928.80,2025-03-19
1886,1886,39.64,2025-04-18
1887,1887,613.32,2025-05-02
1888,1888,800.54,2025-03-06
1889,1889,222.62,2025-01-02
1890,1890,293.16,2025-01-23
1891,1891,150.96,2025-05-02
1892,1892,573.25,2025-03-26
1893,1893,667.98,2025-04-04
1894,1894,601.59,2025-02-17
1895,1895,715.68,2025-02-02
1896,1896,298.96,2025-04-04
1897,1897,457.54,2025-04-22
1898,1898,690.88,2025-03-19
1899,1899,276.46,2025-04-09
1900,1900,841.68,2025-01-23
1901,1901,630.15,2025-04-19
1902,1902,278.28,2025-04-29
1903,1903,963.16,2025-01-20
1904,1904,680.07,2025-02-21
1905,1905,23.72,2025-03-22
1906,1906,100.66,2025-01-17
1907,1907,349.08,2025-01-21
1908,1908,124.22,2025-02-19
1909,1909,622.51,2025-01-07
1910,1910,320.20,2025-02-01
1911,1911,32.76,2025-03-16
1912,1912,361.60,2025-01-07
1913,1913,405.41,2025-02-09
1914,1914,168.52,2025-04-12
1915,1915,652.58,2025-03-14
1916,1916,954.64,2025-05-06
1917,1917,737.89,2025-01-08
1918,1918,257.10,2025-04-05
1919,1919,974.04,2025-05-05
1920,1920,812.69,2025-04-24
1921,1921,440.99,2025-03-18
1922,1922,478.78,2025-01-13
1923,1923,698.77,2025-02-28
1924,1924,37.01,2025-03-19
1925,1925,538.51,2025-03-26
1926,1926,967.26,2025-02-16
1927,1927,566.27,2025-03-21
1928,1928,704.96,2025-04-19
1929,1929,80.18,2025-03-22
1930,1930,962.64,2025-05-02
1931,1931,66.53,2025-02-08
1932,1932,934.32,2025-03-21
1933,1933,706.53,2025-02-11
1934,1934,208.03,2025-03-24
1935,1935,938.40,2025-04-14
1936,1936,438.97,2025-04-30
1937,1937,284.92,2025-03-06
1938,1938,817.36,2025-02-03
1939,1939,307.15,2025-03-14
1940,1940,552.89,2025-04-02
1941,1941,145.59,2025-03-31
1942,1942,279.66,2025-01-23
1943,1943,170.84,2025-01-27
1944,1944,977.92,2025-02-08
1945,1945,655.40,2025-01-27
1946,1946,824.75,2025-04-15
1947,1947,578.85,2025-05-04
1948,1948,86.77,2025-01-26
1949,1949,383.38,2025-02-23
1950,1950,853.35,2025-04-23
1951,1951,945.71,2025-01-19
1952,1952,339.87,2025-02-17
1953,1953,675.31,2025-02-06
1954,1954,204.41,2025-04-18
1955,1955,841.86,2025-02-25
1956,1956,779.24,2025-02-27
1957,1957,718.92,2025-03-27
1958,1958,834.63,2025-02-25
1959,1959,590.90,2025-03-05
1960,1960,598.04,2025-02-14
1961,1961,717.77,2025-02-24
1962,1962,95.15,2025-03-15
1963,1963,189.28,2025-04-22
1964,1964,353.97,2025-03-20
1965,1965,761.92,2025-02-02
1966,1966,966.00,2025-02-03
1967,1967,153.77,2025-02-11
1968,1968,103.00,2025-01-27
1969,1969,69.17,2025-05-01
1970,1970,417.70,2025-01-16
1971,1971,216.95,2025-01-26
1972,1972,201.92,2025-02-10
1973,1973,997.62,2025-03-17
1974,1974,471.91,2025-01-29
1975,1975,43.50,2025-04-28
1976,1976,178.16,2025-01-18
1977,1977,59.65,2025-04-11
1978,1978,716.85,2025-01-21
1979,1979,288.28,2025-05-04
1980,1980,452.70,2025-03-15
1981,1981,233.04,2025-03-30
1982,1982,436.67,2025-04-17
1983,1983,427.65,2025-04-04
1984,1984,577.66,2025-04-09
1985,1985,644.30,2025-03-25
1986,1986,968.19,2025-03-26
1987,1987,659.72,2025-04-23
1988,1988,339.20,2025-01-07
1989,1989,308.51,2025-02-27
1990,1990,630.20,2025-03-16
1991,1991,212.73,2025-01-02
1992,1992,530.45,2025-01-09
1993,1993,856.79,2025-02-18
1994,1994,835.47,2025-02-23
1995,1995,490.73,2025-03-28
1996,1996,731.45,2025-03-05
1997,1997,349.96,2025-01-05
1998,1998,995.95,2025-01-21
1999,1999,278.16,2025-02-20
2000,2000,40.10,2025-02-26
